Workbook

Sheet перечень
A1: Номенклатура | B1: Тип упаковки | C1: Толщина, мкм | D1: Длина, м | E1: Ширина, мм | F1: Ø шпули,мм | G1: Масса рулона нетто, кг | H1: Масса рулона брутто, кг | I1: рзамер единицы товара (рулончика) в инд упаковке (ДхШхВ), мм | J1: Намотка м/мин | K1: шт./ в кор. | L1: t намотки рулона, сек | M1: t намотки коробки, сек | N1: шт коробок в мин | O1: шт рулонов в мин. | P1: t укладки в короб, сек | Q1: Размеры корбки(ДхШхВ), мм | R1: масса коробки нетто, кг | S1: масса коробки брутто, кг | T1: коробок/ паллет, шт | U1: рядов в паллете, шт | V1: шт/ряд | W1: масса паллета нетто, кг | X1: масса паллета брутто, кг | Y1: Высота паллеты, мм
A2: MIN значение | C2: =MIN('Перечень '!C2:C281) -> 7 | D2: =MIN('Перечень '!D2:D281) -> 5 | E2: =MIN('Перечень '!E2:E281) -> 280 | F2: =MIN('Перечень '!F2:F281) -> 25 | G2: =MIN('Перечень '!G2:G281) -> 0.0353655 | H2: =MIN('Перечень '!H2:H281) -> 0.0623655 | I2: 305*32*32 | J2: =MIN('Перечень '!J2:J281) -> 200 | K2: =MIN('Перечень '!K2:K281) -> 6 | L2: =MIN('Перечень '!L2:L281) -> 1.5 | M2: =MIN('Перечень '!M2:M281) -> 13.5 | N2: =MIN('Перечень '!N2:N281) -> 0.3030303 | O2: =MIN('Перечень '!O2:O281) -> 2.6666667 | P2: =MIN('Перечень '!P2:P281) -> 15.5 | Q2: По всем видам | R2: =MIN('Перечень '!R2:R281) -> 0.825195 | S2: =MIN('Перечень '!S2:S281) -> 1.430195 | T2: =MIN('Перечень '!T2:T281) -> 28 | U2: =MIN('Перечень '!U2:U281) -> 3 | V2: =MIN('Перечень '!V2:V281) -> 7 | W2: =MIN('Перечень '!W2:W281) -> 191.5718 | X2: =MIN('Перечень '!X2:X281) -> 206.5718 | Y2: 650
A3: MAXзначение | C3: =MAX('Перечень '!C2:C281) -> 30 | D3: =MAX('Перечень '!D2:D281) -> 150 | E3: =MAX('Перечень '!E2:E281) -> 440 | F3: =MAX('Перечень '!F2:F281) -> 33 | G3: =MAX('Перечень '!G2:G281) -> 2.3848 | H3: =MAX('Перечень '!H2:H281) -> 2.4251 | I3: 455*62*62 | J3: =MAX('Перечень '!J2:J281) -> 400 | K3: =MAX('Перечень '!K2:K281) -> 60 | L3: =MAX('Перечень '!L2:L281) -> 22.5 | M3: =MAX('Перечень '!M2:M281) -> 198 | N3: =MAX('Перечень '!N2:N281) -> 4.4444444 | O3: =MAX('Перечень '!O2:O281) -> 40 | P3: =MAX('Перечень '!P2:P281) -> 200 | Q3: По всем видам | R3: =MAX('Перечень '!R2:R281) -> 14.3088 | S3: =MAX('Перечень '!S2:S281) -> 14.7506 | T3: =MAX('Перечень '!T2:T281) -> 220 | U3: =MAX('Перечень '!U2:U281) -> 10 | V3: =MAX('Перечень '!V2:V281) -> 44 | W3: =MAX('Перечень '!W2:W281) -> 886.07794 | X3: =MAX('Перечень '!X2:X281) -> 901.07794 | Y3: 1795
A4: MIN значение | C4: =MIN('Перечень '!C2:C7) -> 7 | D4: =MIN('Перечень '!D2:D7) -> 7 | E4: =MIN('Перечень '!E2:E7) -> 290 | F4: =MIN('Перечень '!F2:F7) -> 25 | G4: =MIN('Перечень '!G2:G7) -> 0.055013 | H4: =MIN('Перечень '!H2:H7) -> 0.082013 | I4: 305*32*32 | J4: =MIN('Перечень '!J2:J7) -> 280 | K4: =MIN('Перечень '!K2:K7) -> 9 | L4: =MIN('Перечень '!L2:L7) -> 1.5 | M4: =MIN('Перечень '!M2:M7) -> 13.5 | N4: =MIN('Перечень '!N2:N7) -> 2.3333333 | O4: =MIN('Перечень '!O2:O7) -> 28 | P4: =MIN('Перечень '!P2:P7) -> 15.5 | Q4: Гофрокороб 314х174х104 | R4: =MIN('Перечень '!R2:R7) -> 0.825195 | S4: =MIN('Перечень '!S2:S7) -> 1.430195 | T4: =MIN('Перечень '!T2:T7) -> 176 | U4: =MIN('Перечень '!U2:U7) -> 4 | V4: =MIN('Перечень '!V2:V7) -> 44 | W4: =MIN('Перечень '!W2:W7) -> 270.14838 | X4: =MIN('Перечень '!X2:X7) -> 285.14838
A5: MAXзначение | C5: =MAX('Перечень '!C2:C7) -> 20 | D5: =MAX('Перечень '!D2:D7) -> 10 | E5: =MAX('Перечень '!E2:E7) -> 290 | F5: =MAX('Перечень '!F2:F7) -> 33 | G5: =MAX('Перечень '!G2:G7) -> 0.15718 | H5: =MAX('Перечень '!H2:H7) -> 0.19548 | I5: 305*41*41 | J5: =MAX('Перечень '!J2:J7) -> 350 | K5: =MAX('Перечень '!K2:K7) -> 15 | L5: =MAX('Перечень '!L2:L7) -> 2.1428571 | M5: =MAX('Перечень '!M2:M7) -> 25.714286 | N5: =MAX('Перечень '!N2:N7) -> 4.4444444 | O5: =MAX('Перечень '!O2:O7) -> 40 | P5: =MAX('Перечень '!P2:P7) -> 27.714286 | Q5: Гофрокороб 314х174х104 | R5: =MAX('Перечень '!R2:R7) -> 1.532505 | S5: =MAX('Перечень '!S2:S7) -> 2.137505 | T5: =MAX('Перечень '!T2:T7) -> 220 | U5: =MAX('Перечень '!U2:U7) -> 5 | V5: =MAX('Перечень '!V2:V7) -> 44 | W5: =MAX('Перечень '!W2:W7) -> 470.2511 | X5: =MAX('Перечень '!X2:X7) -> 485.2511
A6: MIN значение | C6: =MIN('Перечень '!C8:C21) -> 7 | D6: =MIN('Перечень '!D8:D21) -> 10 | E6: =MIN('Перечень '!E8:E21) -> 280 | F6: =MIN('Перечень '!F8:F21) -> 25 | G6: =MIN('Перечень '!G8:G21) -> 0.070731 | H6: =MIN('Перечень '!H8:H21) -> 0.097731 | I6: 305*32*32 | J6: =MIN('Перечень '!J8:J21) -> 350 | K6: =MIN('Перечень '!K8:K21) -> 12 | L6: =MIN('Перечень '!L8:L21) -> 1.7142857 | M6: =MIN('Перечень '!M8:M21) -> 51.428571 | N6: =MIN('Перечень '!N8:N21) -> 0.55555556 | O6: =MIN('Перечень '!O8:O21) -> 6.6666667 | P6: =MIN('Перечень '!P8:P21) -> 53.428571 | Q6: Гофрокороб 195х165х310 | R6: =MIN('Перечень '!R8:R21) -> 2.12193 | S6: =MIN('Перечень '!S8:S21) -> 3.13193 | T6: =MIN('Перечень '!T8:T21) -> 78 | U6: =MIN('Перечень '!U8:U21) -> 3 | V6: =MIN('Перечень '!V8:V21) -> 26 | W6: =MIN('Перечень '!W8:W21) -> 407.1509 | X6: =MIN('Перечень '!X8:X21) -> 422.1509
A7: MAXзначение | C7: =MAX('Перечень '!C8:C21) -> 14 | D7: =MAX('Перечень '!D8:D21) -> 60 | E7: =MAX('Перечень '!E8:E21) -> 290 | F7: =MAX('Перечень '!F8:F21) -> 33 | G7: =MAX('Перечень '!G8:G21) -> 0.518694 | H7: =MAX('Перечень '!H8:H21) -> 0.556994 | I7: 305*50*50 | J7: =MAX('Перечень '!J8:J21) -> 400 | K7: =MAX('Перечень '!K8:K21) -> 30 | L7: =MAX('Перечень '!L8:L21) -> 9 | M7: =MAX('Перечень '!M8:M21) -> 108 | N7: =MAX('Перечень '!N8:N21) -> 1.1666667 | O7: =MAX('Перечень '!O8:O21) -> 35 | P7: =MAX('Перечень '!P8:P21) -> 110 | Q7: Гофрокороб 195х165х310 | R7: =MAX('Перечень '!R8:R21) -> 6.224328 | S7: =MAX('Перечень '!S8:S21) -> 6.883928 | T7: =MAX('Перечень '!T8:T21) -> 130 | U7: =MAX('Перечень '!U8:U21) -> 5 | V7: =MAX('Перечень '!V8:V21) -> 26 | W7: =MAX('Перечень '!W8:W21) -> 816.14812 | X7: =MAX('Перечень '!X8:X21) -> 831.14812
A8: MIN значение | C8: =MIN('Перечень '!C22:C27) -> 7 | D8: =MIN('Перечень '!D22:D27) -> 8 | E8: =MIN('Перечень '!E22:E27) -> 290 | F8: =MIN('Перечень '!F22:F27) -> 25 | G8: =MIN('Перечень '!G22:G27) -> 0.0440104 | H8: =MIN('Перечень '!H22:H27) -> 0.0710104 | I8: 305*32*32 | J8: =MIN('Перечень '!J22:J27) -> 280 | K8: =MIN('Перечень '!K22:K27) -> 20 | L8: =MIN('Перечень '!L22:L27) -> 1.7142857 | M8: =MIN('Перечень '!M22:M27) -> 61.714286 | N8: =MIN('Перечень '!N22:N27) -> 0.66666667 | O8: =MIN('Перечень '!O22:O27) -> 13.333333 | P8: =MIN('Перечень '!P22:P27) -> 63.714286 | Q8: Гофрокороб 210х210х310 | R8: =MIN('Перечень '!R22:R27) -> 1.760416 | S8: =MIN('Перечень '!S22:S27) -> 3.040416 | T8: =MIN('Перечень '!T22:T27) -> 75 | U8: =MIN('Перечень '!U22:U27) -> 5 | V8: =MIN('Перечень '!V22:V27) -> 15 | W8: =MIN('Перечень '!W22:W27) -> 228.0312 | X8: =MIN('Перечень '!X22:X27) -> 243.0312
A9: MAXзначение | C9: =MAX('Перечень '!C22:C27) -> 11 | D9: =MAX('Перечень '!D22:D27) -> 30 | E9: =MAX('Перечень '!E22:E27) -> 290 | F9: =MAX('Перечень '!F22:F27) -> 33 | G9: =MAX('Перечень '!G22:G27) -> 0.212193 | H9: =MAX('Перечень '!H22:H27) -> 0.250493 | I9: 305*45*45 | J9: =MAX('Перечень '!J22:J27) -> 400 | K9: =MAX('Перечень '!K22:K27) -> 40 | L9: =MAX('Перечень '!L22:L27) -> 4.5 | M9: =MAX('Перечень '!M22:M27) -> 90 | N9: =MAX('Перечень '!N22:N27) -> 0.97222222 | O9: =MAX('Перечень '!O22:O27) -> 35 | P9: =MAX('Перечень '!P22:P27) -> 92 | Q9: Гофрокороб 210х210х310 | R9: =MAX('Перечень '!R22:R27) -> 4.24386 | S9: =MAX('Перечень '!S22:S27) -> 5.20986 | T9: =MAX('Перечень '!T22:T27) -> 75 | U9: =MAX('Перечень '!U22:U27) -> 5 | V9: =MAX('Перечень '!V22:V27) -> 15 | W9: =MAX('Перечень '!W22:W27) -> 390.7395 | X9: =MAX('Перечень '!X22:X27) -> 405.7395
A10: MIN значение | C10: =MIN('Перечень '!C28:C31) -> 9 | D10: =MIN('Перечень '!D28:D31) -> 8 | E10: =MIN('Перечень '!E28:E31) -> 290 | F10: =MIN('Перечень '!F28:F31) -> 25 | G10: =MIN('Перечень '!G28:G31) -> 0.0691592 | H10: =MIN('Перечень '!H28:H31) -> 0.0961592 | I10: 305*32*32 | J10: =MIN('Перечень '!J28:J31) -> 280 | K10: =MIN('Перечень '!K28:K31) -> 10 | L10: =MIN('Перечень '!L28:L31) -> 1.7142857 | M10: =MIN('Перечень '!M28:M31) -> 42.857143 | N10: =MIN('Перечень '!N28:N31) -> 0.66666667 | O10: =MIN('Перечень '!O28:O31) -> 6.6666667 | P10: =MIN('Перечень '!P28:P31) -> 44.857143 | Q10: Гофрокороб 324х222х134 | R10: =MIN('Перечень '!R28:R31) -> 1.72898 | S10: =MIN('Перечень '!S28:S31) -> 2.60398 | T10: =MIN('Перечень '!T28:T31) -> 78 | U10: =MIN('Перечень '!U28:U31) -> 3 | V10: =MIN('Перечень '!V28:V31) -> 26 | W10: =MIN('Перечень '!W28:W31) -> 338.5174 | X10: =MIN('Перечень '!X28:X31) -> 353.5174
A11: MAXзначение | C11: =MAX('Перечень '!C28:C31) -> 14 | D11: =MAX('Перечень '!D28:D31) -> 60 | E11: =MAX('Перечень '!E28:E31) -> 290 | F11: =MAX('Перечень '!F28:F31) -> 33 | G11: =MAX('Перечень '!G28:G31) -> 0.424386 | H11: =MAX('Перечень '!H28:H31) -> 0.462686 | I11: 305*50*50 | J11: =MAX('Перечень '!J28:J31) -> 400 | K11: =MAX('Перечень '!K28:K31) -> 25 | L11: =MAX('Перечень '!L28:L31) -> 9 | M11: =MAX('Перечень '!M28:M31) -> 90 | N11: =MAX('Перечень '!N28:N31) -> 1.4 | O11: =MAX('Перечень '!O28:O31) -> 35 | P11: =MAX('Перечень '!P28:P31) -> 92 | Q11: Гофрокороб 324х222х134 | R11: =MAX('Перечень '!R28:R31) -> 5.18694 | S11: =MAX('Перечень '!S28:S31) -> 5.96144 | T11: =MAX('Перечень '!T28:T31) -> 130 | U11: =MAX('Перечень '!U28:U31) -> 5 | V11: =MAX('Перечень '!V28:V31) -> 26 | W11: =MAX('Перечень '!W28:W31) -> 464.99232 | X11: =MAX('Перечень '!X28:X31) -> 479.99232
A12: MIN значение | C12: =MIN('Перечень '!C32:C32) -> 9 | D12: =MIN('Перечень '!D32:D32) -> 12 | E12: =MIN('Перечень '!E32:E32) -> 290 | F12: =MIN('Перечень '!F32:F32) -> 25 | G12: =MIN('Перечень '!G32:G32) -> 0.0848772 | H12: =MIN('Перечень '!H32:H32) -> 0.1118772 | I12: 305*32*32 | J12: =MIN('Перечень '!J32:J32) -> 350 | K12: =MIN('Перечень '!K32:K32) -> 49 | L12: =MIN('Перечень '!L32:L32) -> 2.0571429 | M12: =MIN('Перечень '!M32:M32) -> 100.8 | N12: =MIN('Перечень '!N32:N32) -> 0.5952381 | O12: =MIN('Перечень '!O32:O32) -> 29.166667 | P12: =MIN('Перечень '!P32:P32) -> 102.8 | Q12: Гофрокороб 310х230х210 | R12: =MIN('Перечень '!R32:R32) -> 4.1589828 | S12: =MIN('Перечень '!S32:S32) -> 5.6819828 | T12: =MIN('Перечень '!T32:T32) -> 84 | U12: =MIN('Перечень '!U32:U32) -> 7 | V12: =MIN('Перечень '!V32:V32) -> 12 | W12: =MIN('Перечень '!W32:W32) -> 477.28656 | X12: =MIN('Перечень '!X32:X32) -> 492.28656
A13: MAXзначение | C13: =MAX('Перечень '!C32:C32) -> 9 | D13: =MAX('Перечень '!D32:D32) -> 12 | E13: =MAX('Перечень '!E32:E32) -> 290 | F13: =MAX('Перечень '!F32:F32) -> 25 | G13: =MAX('Перечень '!G32:G32) -> 0.0848772 | H13: =MAX('Перечень '!H32:H32) -> 0.1118772 | I13: 305*32*32 | J13: =MAX('Перечень '!J32:J32) -> 350 | K13: =MAX('Перечень '!K32:K32) -> 49 | L13: =MAX('Перечень '!L32:L32) -> 2.0571429 | M13: =MAX('Перечень '!M32:M32) -> 100.8 | N13: =MAX('Перечень '!N32:N32) -> 0.5952381 | O13: =MAX('Перечень '!O32:O32) -> 29.166667 | P13: =MAX('Перечень '!P32:P32) -> 102.8 | Q13: Гофрокороб 310х230х210 | R13: =MAX('Перечень '!R32:R32) -> 4.1589828 | S13: =MAX('Перечень '!S32:S32) -> 5.6819828 | T13: =MAX('Перечень '!T32:T32) -> 84 | U13: =MAX('Перечень '!U32:U32) -> 7 | V13: =MAX('Перечень '!V32:V32) -> 12 | W13: =MAX('Перечень '!W32:W32) -> 477.28656 | X13: =MAX('Перечень '!X32:X32) -> 492.28656
A14: MIN значение | C14: =MIN('Перечень '!C33:C126) -> 7 | D14: =MIN('Перечень '!D33:D126) -> 6 | E14: =MIN('Перечень '!E33:E126) -> 280 | F14: =MIN('Перечень '!F33:F126) -> 25 | G14: =MIN('Перечень '!G33:G126) -> 0.0518694 | H14: =MIN('Перечень '!H33:H126) -> 0.0788694 | I14: 305*32*32 | J14: =MIN('Перечень '!J33:J126) -> 200 | K14: =MIN('Перечень '!K33:K126) -> 10 | L14: =MIN('Перечень '!L33:L126) -> 1.7142857 | M14: =MIN('Перечень '!M33:M126) -> 30.535714 | N14: =MIN('Перечень '!N33:N126) -> 0.3030303 | O14: =MIN('Перечень '!O33:O126) -> 3.6363636 | P14: =MIN('Перечень '!P33:P126) -> 32.535714 | Q14: Гофрокороб 228х160х310 | R14: =MIN('Перечень '!R33:R126) -> 1.815429 | S14: =MIN('Перечень '!S33:S126) -> 2.960429 | T14: =MIN('Перечень '!T33:T126) -> 72 | U14: =MIN('Перечень '!U33:U126) -> 3 | V14: =MIN('Перечень '!V33:V126) -> 24 | W14: =MIN('Перечень '!W33:W126) -> 284.20118 | X14: =MIN('Перечень '!X33:X126) -> 299.20118
A15: MAXзначение | C15: =MAX('Перечень '!C33:C126) -> 30 | D15: =MAX('Перечень '!D33:D126) -> 110 | E15: =MAX('Перечень '!E33:E126) -> 290 | F15: =MAX('Перечень '!F33:F126) -> 33 | G15: =MAX('Перечень '!G33:G126) -> 1.10026 | H15: =MAX('Перечень '!H33:H126) -> 1.13856 | I15: 305*55*55 | J15: =MAX('Перечень '!J33:J126) -> 400 | K15: =MAX('Перечень '!K33:K126) -> 35 | L15: =MAX('Перечень '!L33:L126) -> 16.5 | M15: =MAX('Перечень '!M33:M126) -> 198 | N15: =MAX('Перечень '!N33:N126) -> 1.9649123 | O15: =MAX('Перечень '!O33:O126) -> 35 | P15: =MAX('Перечень '!P33:P126) -> 200 | Q15: Гофрокороб 228х160х310 | R15: =MAX('Перечень '!R33:R126) -> 11.647038 | S15: =MAX('Перечень '!S33:S126) -> 12.306638 | T15: =MAX('Перечень '!T33:T126) -> 120 | U15: =MAX('Перечень '!U33:U126) -> 5 | V15: =MAX('Перечень '!V33:V126) -> 24 | W15: =MAX('Перечень '!W33:W126) -> 886.07794 | X15: =MAX('Перечень '!X33:X126) -> 901.07794
A16: MIN значение | C16: =MIN('Перечень '!C127:C131) -> 9 | D16: =MIN('Перечень '!D127:D131) -> 7 | E16: =MIN('Перечень '!E127:E131) -> 290 | F16: =MIN('Перечень '!F127:F131) -> 25 | G16: =MIN('Перечень '!G127:G131) -> 0.070731 | H16: =MIN('Перечень '!H127:H131) -> 0.097731 | I16: 305*32*32 | J16: =MIN('Перечень '!J127:J131) -> 280 | K16: =MIN('Перечень '!K127:K131) -> 12 | L16: =MIN('Перечень '!L127:L131) -> 1.5 | M16: =MIN('Перечень '!M127:M131) -> 30 | N16: =MIN('Перечень '!N127:N131) -> 0.53333333 | O16: =MIN('Перечень '!O127:O131) -> 8 | P16: =MIN('Перечень '!P127:P131) -> 32 | Q16: Гофрокороб 310х160х228 | R16: =MIN('Перечень '!R127:R131) -> 1.430338 | S16: =MIN('Перечень '!S127:S131) -> 2.396338 | T16: =MIN('Перечень '!T127:T131) -> 72 | U16: =MIN('Перечень '!U127:U131) -> 3 | V16: =MIN('Перечень '!V127:V131) -> 24 | W16: =MIN('Перечень '!W127:W131) -> 230.04845 | X16: =MIN('Перечень '!X127:X131) -> 245.04845
A17: MAXзначение | C17: =MAX('Перечень '!C127:C131) -> 14 | D17: =MAX('Перечень '!D127:D131) -> 50 | E17: =MAX('Перечень '!E127:E131) -> 290 | F17: =MAX('Перечень '!F127:F131) -> 33 | G17: =MAX('Перечень '!G127:G131) -> 0.510835 | H17: =MAX('Перечень '!H127:H131) -> 0.549135 | I17: 305*47*47 | J17: =MAX('Перечень '!J127:J131) -> 400 | K17: =MAX('Перечень '!K127:K131) -> 35 | L17: =MAX('Перечень '!L127:L131) -> 7.5 | M17: =MAX('Перечень '!M127:M131) -> 112.5 | N17: =MAX('Перечень '!N127:N131) -> 2 | O17: =MAX('Перечень '!O127:O131) -> 40 | P17: =MAX('Перечень '!P127:P131) -> 114.5 | Q17: Гофрокороб 310х160х228 | R17: =MAX('Перечень '!R127:R131) -> 6.13002 | S17: =MAX('Перечень '!S127:S131) -> 6.78962 | T17: =MAX('Перечень '!T127:T131) -> 120 | U17: =MAX('Перечень '!U127:U131) -> 5 | V17: =MAX('Перечень '!V127:V131) -> 24 | W17: =MAX('Перечень '!W127:W131) -> 729.519 | X17: =MAX('Перечень '!X127:X131) -> 744.519
A18: MIN значение | C18: =MIN('Перечень '!C132:C155) -> 7 | D18: =MIN('Перечень '!D132:D155) -> 5 | E18: =MIN('Перечень '!E132:E155) -> 280 | F18: =MIN('Перечень '!F132:F155) -> 25 | G18: =MIN('Перечень '!G132:G155) -> 0.0353655 | H18: =MIN('Перечень '!H132:H155) -> 0.0623655 | I18: 305*32*32 | J18: =MIN('Перечень '!J132:J155) -> 200 | K18: =MIN('Перечень '!K132:K155) -> 24 | L18: =MIN('Перечень '!L132:L155) -> 1.5 | M18: =MIN('Перечень '!M132:M155) -> 41.142857 | N18: =MIN('Перечень '!N132:N155) -> 0.31746032 | O18: =MIN('Перечень '!O132:O155) -> 13.333333 | P18: =MIN('Перечень '!P132:P155) -> 43.142857 | Q18: Гофрокороб 259х193х320 | R18: =MIN('Перечень '!R132:R155) -> 1.697544 | S18: =MIN('Перечень '!S132:S155) -> 3.193544 | T18: =MIN('Перечень '!T132:T155) -> 72 | U18: =MIN('Перечень '!U132:U155) -> 4 | V18: =MIN('Перечень '!V132:V155) -> 18 | W18: =MIN('Перечень '!W132:W155) -> 287.41896 | X18: =MIN('Перечень '!X132:X155) -> 302.41896
A19: MAXзначение | C19: =MAX('Перечень '!C132:C155) -> 30 | D19: =MAX('Перечень '!D132:D155) -> 30 | E19: =MAX('Перечень '!E132:E155) -> 290 | F19: =MAX('Перечень '!F132:F155) -> 33 | G19: =MAX('Перечень '!G132:G155) -> 0.2554175 | H19: =MAX('Перечень '!H132:H155) -> 0.2937175 | I19: 305*45*45 | J19: =MAX('Перечень '!J132:J155) -> 400 | K19: =MAX('Перечень '!K132:K155) -> 48 | L19: =MAX('Перечень '!L132:L155) -> 4.5 | M19: =MAX('Перечень '!M132:M155) -> 189 | N19: =MAX('Перечень '!N132:N155) -> 1.4583333 | O19: =MAX('Перечень '!O132:O155) -> 40 | P19: =MAX('Перечень '!P132:P155) -> 191 | Q19: Гофрокороб 259х193х320 | R19: =MAX('Перечень '!R132:R155) -> 6.931638 | S19: =MAX('Перечень '!S132:S155) -> 8.265638 | T19: =MAX('Перечень '!T132:T155) -> 90 | U19: =MAX('Перечень '!U132:U155) -> 5 | V19: =MAX('Перечень '!V132:V155) -> 18 | W19: =MAX('Перечень '!W132:W155) -> 654.78636 | X19: =MAX('Перечень '!X132:X155) -> 669.78636
A20: MIN значение | C20: =MIN('Перечень '!C156:C158) -> 11 | D20: =MIN('Перечень '!D156:D158) -> 10 | E20: =MIN('Перечень '!E156:E158) -> 290 | F20: =MIN('Перечень '!F156:F158) -> 33 | G20: =MIN('Перечень '!G156:G158) -> 0.086449 | H20: =MIN('Перечень '!H156:H158) -> 0.124749 | I20: 305*41*41 | J20: =MIN('Перечень '!J156:J158) -> 350 | K20: =MIN('Перечень '!K156:K158) -> 28 | L20: =MIN('Перечень '!L156:L158) -> 1.7142857 | M20: =MIN('Перечень '!M156:M158) -> 51.428571 | N20: =MIN('Перечень '!N156:N158) -> 0.71428571 | O20: =MIN('Перечень '!O156:O158) -> 20 | P20: =MIN('Перечень '!P156:P158) -> 53.428571 | Q20: Гофрокороб 320х259х193 | R20: =MIN('Перечень '!R156:R158) -> 2.59347 | S20: =MIN('Перечень '!S156:S158) -> 3.94247 | T20: =MIN('Перечень '!T156:T158) -> 90 | U20: =MIN('Перечень '!U156:U158) -> 5 | V20: =MIN('Перечень '!V156:V158) -> 18 | W20: =MIN('Перечень '!W156:W158) -> 354.8223 | X20: =MIN('Перечень '!X156:X158) -> 369.8223
A21: MAXзначение | C21: =MAX('Перечень '!C156:C158) -> 14 | D21: =MAX('Перечень '!D156:D158) -> 20 | E21: =MAX('Перечень '!E156:E158) -> 290 | F21: =MAX('Перечень '!F156:F158) -> 33 | G21: =MAX('Перечень '!G156:G158) -> 0.172898 | H21: =MAX('Перечень '!H156:H158) -> 0.211198 | I21: 305*41*41 | J21: =MAX('Перечень '!J156:J158) -> 400 | K21: =MAX('Перечень '!K156:K158) -> 30 | L21: =MAX('Перечень '!L156:L158) -> 3 | M21: =MAX('Перечень '!M156:M158) -> 84 | N21: =MAX('Перечень '!N156:N158) -> 1.1666667 | O21: =MAX('Перечень '!O156:O158) -> 35 | P21: =MAX('Перечень '!P156:P158) -> 86 | Q21: Гофрокороб 320х259х193 | R21: =MAX('Перечень '!R156:R158) -> 4.841144 | S21: =MAX('Перечень '!S156:S158) -> 6.113544 | T21: =MAX('Перечень '!T156:T158) -> 90 | U21: =MAX('Перечень '!U156:U158) -> 5 | V21: =MAX('Перечень '!V156:V158) -> 18 | W21: =MAX('Перечень '!W156:W158) -> 550.21896 | X21: =MAX('Перечень '!X156:X158) -> 565.21896
A22: MIN значение | C22: =MIN('Перечень '!C159:C161) -> 9 | D22: =MIN('Перечень '!D159:D161) -> 10 | E22: =MIN('Перечень '!E159:E161) -> 290 | F22: =MIN('Перечень '!F159:F161) -> 33 | G22: =MIN('Перечень '!G159:G161) -> 0.070731 | H22: =MIN('Перечень '!H159:H161) -> 0.109031 | I22: 305*41*41 | J22: =MIN('Перечень '!J159:J161) -> 350 | K22: =MIN('Перечень '!K159:K161) -> 32 | L22: =MIN('Перечень '!L159:L161) -> 1.7142857 | M22: =MIN('Перечень '!M159:M161) -> 54.857143 | N22: =MIN('Перечень '!N159:N161) -> 0.55555556 | O22: =MIN('Перечень '!O159:O161) -> 20 | P22: =MIN('Перечень '!P159:P161) -> 56.857143 | Q22: Гофрокороб 250х250х310 | R22: =MIN('Перечень '!R159:R161) -> 2.263392 | S22: =MIN('Перечень '!S159:S161) -> 3.688992 | T22: =MIN('Перечень '!T159:T161) -> 60 | U22: =MIN('Перечень '!U159:U161) -> 5 | V22: =MIN('Перечень '!V159:V161) -> 12 | W22: =MIN('Перечень '!W159:W161) -> 221.33952 | X22: =MIN('Перечень '!X159:X161) -> 236.33952
A23: MAXзначение | C23: =MAX('Перечень '!C159:C161) -> 20 | D23: =MAX('Перечень '!D159:D161) -> 20 | E23: =MAX('Перечень '!E159:E161) -> 290 | F23: =MAX('Перечень '!F159:F161) -> 33 | G23: =MAX('Перечень '!G159:G161) -> 0.15718 | H23: =MAX('Перечень '!H159:H161) -> 0.19548 | I23: 305*41*41 | J23: =MAX('Перечень '!J159:J161) -> 400 | K23: =MAX('Перечень '!K159:K161) -> 36 | L23: =MAX('Перечень '!L159:L161) -> 3 | M23: =MAX('Перечень '!M159:M161) -> 108 | N23: =MAX('Перечень '!N159:N161) -> 1.09375 | O23: =MAX('Перечень '!O159:O161) -> 35 | P23: =MAX('Перечень '!P159:P161) -> 110 | Q23: Гофрокороб 250х250х310 | R23: =MAX('Перечень '!R159:R161) -> 5.5013 | S23: =MAX('Перечень '!S159:S161) -> 7.0418 | T23: =MAX('Перечень '!T159:T161) -> 60 | U23: =MAX('Перечень '!U159:U161) -> 5 | V23: =MAX('Перечень '!V159:V161) -> 12 | W23: =MAX('Перечень '!W159:W161) -> 422.508 | X23: =MAX('Перечень '!X159:X161) -> 437.508
A24: MIN значение | C24: =MIN('Перечень '!C162:C181) -> 7 | D24: =MIN('Перечень '!D162:D181) -> 5 | E24: =MIN('Перечень '!E162:E181) -> 290 | F24: =MIN('Перечень '!F162:F181) -> 25 | G24: =MIN('Перечень '!G162:G181) -> 0.0353655 | H24: =MIN('Перечень '!H162:H181) -> 0.0623655 | I24: 305*32*32 | J24: =MIN('Перечень '!J162:J181) -> 200 | K24: =MIN('Перечень '!K162:K181) -> 28 | L24: =MIN('Перечень '!L162:L181) -> 1.5 | M24: =MIN('Перечень '!M162:M181) -> 52.5 | N24: =MIN('Перечень '!N162:N181) -> 0.33333333 | O24: =MIN('Перечень '!O162:O181) -> 13.333333 | P24: =MIN('Перечень '!P162:P181) -> 54.5 | Q24: Гофрокороб 320х290х190 | R24: =MIN('Перечень '!R162:R181) -> 1.5128575 | S24: =MIN('Перечень '!S162:S181) -> 3.0533575 | T24: =MIN('Перечень '!T162:T181) -> 64 | U24: =MIN('Перечень '!U162:U181) -> 4 | V24: =MIN('Перечень '!V162:V181) -> 16 | W24: =MIN('Перечень '!W162:W181) -> 244.2686 | X24: =MIN('Перечень '!X162:X181) -> 259.2686
A25: MAXзначение | C25: =MAX('Перечень '!C162:C181) -> 20 | D25: =MAX('Перечень '!D162:D181) -> 30 | E25: =MAX('Перечень '!E162:E181) -> 290 | F25: =MAX('Перечень '!F162:F181) -> 33 | G25: =MAX('Перечень '!G162:G181) -> 0.165039 | H25: =MAX('Перечень '!H162:H181) -> 0.1978377 | I25: 305*45*45 | J25: =MAX('Перечень '!J162:J181) -> 400 | K25: =MAX('Перечень '!K162:K181) -> 54 | L25: =MAX('Перечень '!L162:L181) -> 4.5 | M25: =MAX('Перечень '!M162:M181) -> 180 | N25: =MAX('Перечень '!N162:N181) -> 1.1428571 | O25: =MAX('Перечень '!O162:O181) -> 40 | P25: =MAX('Перечень '!P162:P181) -> 182 | Q25: Гофрокороб 320х290х190 | R25: =MAX('Перечень '!R162:R181) -> 6.60156 | S25: =MAX('Перечень '!S162:S181) -> 7.88156 | T25: =MAX('Перечень '!T162:T181) -> 80 | U25: =MAX('Перечень '!U162:U181) -> 5 | V25: =MAX('Перечень '!V162:V181) -> 16 | W25: =MAX('Перечень '!W162:W181) -> 553.33472 | X25: =MAX('Перечень '!X162:X181) -> 568.33472
A26: MIN значение | C26: =MIN('Перечень '!C182:C182) -> 11 | D26: =MIN('Перечень '!D182:D182) -> 10 | E26: =MIN('Перечень '!E182:E182) -> 290 | F26: =MIN('Перечень '!F182:F182) -> 25 | G26: =MIN('Перечень '!G182:G182) -> 0.086449 | H26: =MIN('Перечень '!H182:H182) -> 0.113449 | I26: 305*32*32 | J26: =MIN('Перечень '!J182:J182) -> 350 | K26: =MIN('Перечень '!K182:K182) -> 60 | L26: =MIN('Перечень '!L182:L182) -> 1.7142857 | M26: =MIN('Перечень '!M182:M182) -> 102.85714 | N26: =MIN('Перечень '!N182:N182) -> 0.58333333 | O26: =MIN('Перечень '!O182:O182) -> 35 | P26: =MIN('Перечень '!P182:P182) -> 104.85714 | Q26: Гофрокороб 395х310х160 | R26: =MIN('Перечень '!R182:R182) -> 5.18694 | S26: =MIN('Перечень '!S182:S182) -> 7.00694 | T26: =MIN('Перечень '!T182:T182) -> 52 | U26: =MIN('Перечень '!U182:U182) -> 4 | V26: =MIN('Перечень '!V182:V182) -> 13 | W26: =MIN('Перечень '!W182:W182) -> 364.36088 | X26: =MIN('Перечень '!X182:X182) -> 379.36088
A27: MAXзначение | C27: =MAX('Перечень '!C182:C182) -> 11 | D27: =MAX('Перечень '!D182:D182) -> 10 | E27: =MAX('Перечень '!E182:E182) -> 290 | F27: =MAX('Перечень '!F182:F182) -> 25 | G27: =MAX('Перечень '!G182:G182) -> 0.086449 | H27: =MAX('Перечень '!H182:H182) -> 0.113449 | I27: 305*32*32 | J27: =MAX('Перечень '!J182:J182) -> 350 | K27: =MAX('Перечень '!K182:K182) -> 60 | L27: =MAX('Перечень '!L182:L182) -> 1.7142857 | M27: =MAX('Перечень '!M182:M182) -> 102.85714 | N27: =MAX('Перечень '!N182:N182) -> 0.58333333 | O27: =MAX('Перечень '!O182:O182) -> 35 | P27: =MAX('Перечень '!P182:P182) -> 104.85714 | Q27: Гофрокороб 395х310х160 | R27: =MAX('Перечень '!R182:R182) -> 5.18694 | S27: =MAX('Перечень '!S182:S182) -> 7.00694 | T27: =MAX('Перечень '!T182:T182) -> 52 | U27: =MAX('Перечень '!U182:U182) -> 4 | V27: =MAX('Перечень '!V182:V182) -> 13 | W27: =MAX('Перечень '!W182:W182) -> 364.36088 | X27: =MAX('Перечень '!X182:X182) -> 379.36088
A28: MIN значение | C28: =MIN('Перечень '!C183:C272) -> 7 | D28: =MIN('Перечень '!D183:D272) -> 7 | E28: =MIN('Перечень '!E183:E272) -> 440 | F28: =MIN('Перечень '!F183:F272) -> 25 | G28: =MIN('Перечень '!G183:G272) -> 0.107316 | H28: =MIN('Перечень '!H183:H272) -> 0.169116 | I28: 305*41*41 | J28: =MIN('Перечень '!J183:J272) -> 280 | K28: =MIN('Перечень '!K183:K272) -> 6 | L28: =MIN('Перечень '!L183:L272) -> 1.5 | M28: =MIN('Перечень '!M183:M272) -> 19.285714 | N28: =MIN('Перечень '!N183:N272) -> 0.44444444 | O28: =MIN('Перечень '!O183:O272) -> 2.6666667 | P28: =MIN('Перечень '!P183:P272) -> 21.285714 | Q28: Гофрокороб 470х222х120 | R28: =MIN('Перечень '!R183:R272) -> 1.60974 | S28: =MIN('Перечень '!S183:S272) -> 2.73674 | T28: =MIN('Перечень '!T183:T272) -> 28 | U28: =MIN('Перечень '!U183:U272) -> 4 | V28: =MIN('Перечень '!V183:V272) -> 7 | W28: =MIN('Перечень '!W183:W272) -> 191.5718 | X28: =MIN('Перечень '!X183:X272) -> 206.5718
A29: MAXзначение | C29: =MAX('Перечень '!C183:C272) -> 30 | D29: =MAX('Перечень '!D183:D272) -> 150 | E29: =MAX('Перечень '!E183:E272) -> 440 | F29: =MAX('Перечень '!F183:F272) -> 33 | G29: =MAX('Перечень '!G183:G272) -> 2.3848 | H29: =MAX('Перечень '!H183:H272) -> 2.4251 | I29: 455*62*62 | J29: =MAX('Перечень '!J183:J272) -> 400 | K29: =MAX('Перечень '!K183:K272) -> 26 | L29: =MAX('Перечень '!L183:L272) -> 22.5 | M29: =MAX('Перечень '!M183:M272) -> 135 | N29: =MAX('Перечень '!N183:N272) -> 3.1111111 | O29: =MAX('Перечень '!O183:O272) -> 40 | P29: =MAX('Перечень '!P183:P272) -> 137 | Q29: Гофрокороб 470х222х120 | R29: =MAX('Перечень '!R183:R272) -> 14.3088 | S29: =MAX('Перечень '!S183:S272) -> 14.7506 | T29: =MAX('Перечень '!T183:T272) -> 70 | U29: =MAX('Перечень '!U183:U272) -> 10 | V29: =MAX('Перечень '!V183:V272) -> 7 | W29: =MAX('Перечень '!W183:W272) -> 676.28736 | X29: =MAX('Перечень '!X183:X272) -> 691.28736
A30: MIN значение | C30: =MIN('Перечень '!C273:C278) -> 7 | D30: =MIN('Перечень '!D273:D278) -> 8 | E30: =MIN('Перечень '!E273:E278) -> 290 | F30: =MIN('Перечень '!F273:F278) -> 25 | G30: =MIN('Перечень '!G273:G278) -> 0.0440104 | H30: =MIN('Перечень '!H273:H278) -> 0.0710104 | I30: 305*32*32 | J30: =MIN('Перечень '!J273:J278) -> 280 | K30: =MIN('Перечень '!K273:K278) -> 7 | L30: =MIN('Перечень '!L273:L278) -> 1.7142857 | M30: =MIN('Перечень '!M273:M278) -> 34.285714 | N30: =MIN('Перечень '!N273:N278) -> 0.81632653 | O30: =MIN('Перечень '!O273:O278) -> 5.7142857 | P30: =MIN('Перечень '!P273:P278) -> 36.285714 | Q30: Гофрокороб 320х135х165 | R30: =MIN('Перечень '!R273:R278) -> 0.880208 | S30: =MIN('Перечень '!S273:S278) -> 1.620208 | T30: =MIN('Перечень '!T273:T278) -> 108 | U30: =MIN('Перечень '!U273:U278) -> 3 | V30: =MIN('Перечень '!V273:V278) -> 36 | W30: =MIN('Перечень '!W273:W278) -> 233.30995 | X30: =MIN('Перечень '!X273:X278) -> 248.30995
A31: MAXзначение | C31: =MAX('Перечень '!C273:C278) -> 11 | D31: =MAX('Перечень '!D273:D278) -> 70 | E31: =MAX('Перечень '!E273:E278) -> 290 | F31: =MAX('Перечень '!F273:F278) -> 33 | G31: =MAX('Перечень '!G273:G278) -> 0.605143 | H31: =MAX('Перечень '!H273:H278) -> 0.643443 | I31: 305*50*50 | J31: =MAX('Перечень '!J273:J278) -> 400 | K31: =MAX('Перечень '!K273:K278) -> 20 | L31: =MAX('Перечень '!L273:L278) -> 10.5 | M31: =MAX('Перечень '!M273:M278) -> 73.5 | N31: =MAX('Перечень '!N273:N278) -> 1.75 | O31: =MAX('Перечень '!O273:O278) -> 35 | P31: =MAX('Перечень '!P273:P278) -> 75.5 | Q31: Гофрокороб 320х135х165 | R31: =MAX('Перечень '!R273:R278) -> 4.236001 | S31: =MAX('Перечень '!S273:S278) -> 4.704101 | T31: =MAX('Перечень '!T273:T278) -> 144 | U31: =MAX('Перечень '!U273:U278) -> 4 | V31: =MAX('Перечень '!V273:V278) -> 36 | W31: =MAX('Перечень '!W273:W278) -> 513.97056 | X31: =MAX('Перечень '!X273:X278) -> 528.97056
A32: MIN значение | C32: =MIN('Перечень '!C279:C281) -> 11 | D32: =MIN('Перечень '!D279:D281) -> 8 | E32: =MIN('Перечень '!E279:E281) -> 440 | F32: =MIN('Перечень '!F279:F281) -> 33 | G32: =MIN('Перечень '!G279:G281) -> 0.1049312 | H32: =MIN('Перечень '!H279:H281) -> 0.1667312 | I32: 455*41*41 | J32: =MIN('Перечень '!J279:J281) -> 280 | K32: =MIN('Перечень '!K279:K281) -> 10 | L32: =MIN('Перечень '!L279:L281) -> 1.7142857 | M32: =MIN('Перечень '!M279:M281) -> 42.857143 | N32: =MIN('Перечень '!N279:N281) -> 0.56737589 | O32: =MIN('Перечень '!O279:O281) -> 5.7142857 | P32: =MIN('Перечень '!P279:P281) -> 44.857143 | Q32: Гофрокороб 470х190х210 | R32: =MIN('Перечень '!R279:R281) -> 2.62328 | S32: =MIN('Перечень '!S279:S281) -> 4.36828 | T32: =MIN('Перечень '!T279:T281) -> 35 | U32: =MIN('Перечень '!U279:U281) -> 5 | V32: =MIN('Перечень '!V279:V281) -> 7 | W32: =MIN('Перечень '!W279:W281) -> 214.04572 | X32: =MIN('Перечень '!X279:X281) -> 229.04572
A33: MAXзначение | C33: =MAX('Перечень '!C279:C281) -> 14 | D33: =MAX('Перечень '!D279:D281) -> 70 | E33: =MAX('Перечень '!E279:E281) -> 440 | F33: =MAX('Перечень '!F279:F281) -> 33 | G33: =MAX('Перечень '!G279:G281) -> 0.918148 | H33: =MAX('Перечень '!H279:H281) -> 0.979948 | I33: 455*50*50 | J33: =MAX('Перечень '!J279:J281) -> 400 | K33: =MAX('Перечень '!K279:K281) -> 25 | L33: =MAX('Перечень '!L279:L281) -> 10.5 | M33: =MAX('Перечень '!M279:M281) -> 105.75 | N33: =MAX('Перечень '!N279:N281) -> 1.4 | O33: =MAX('Перечень '!O279:O281) -> 35 | P33: =MAX('Перечень '!P279:P281) -> 107.75 | Q33: Гофрокороб 470х190х210 | R33: =MAX('Перечень '!R279:R281) -> 10.928346 | S33: =MAX('Перечень '!S279:S281) -> 12.055346 | T33: =MAX('Перечень '!T279:T281) -> 49 | U33: =MAX('Перечень '!U279:U281) -> 7 | V33: =MAX('Перечень '!V279:V281) -> 7 | W33: =MAX('Перечень '!W279:W281) -> 421.93711 | X33: =MAX('Перечень '!X279:X281) -> 436.93711

Sheet Перечень 
A1: Номенклатура | B1: Тип упаковки | C1: Толщина, мкм | D1: Длина, м | E1: Ширина, мм | F1: Ø шпули,мм | G1: Масса рулона нетто, кг | H1: Масса рулона брутто, кг | I1: рзамер единицы товара (рулончика) в инд упаковке (ДхШхВ), мм | J1: Намотка м/мин | K1: шт./ в кор. | L1: t намотки рулона, сек | M1: t намотки коробки, сек | N1: шт коробок в мин | O1: шт рулонов в мин. | P1: t укладки в короб, сек | Q1: Размеры корбки(ДхШхВ), мм | R1: масса коробки нетто, кг | S1: масса коробки брутто, кг | T1: коробок/ паллет, шт | U1: рядов в паллете, шт | V1: шт/ряд | W1: масса паллета нетто, кг | X1: масса паллета брутто, кг | Y1: шт товара/пал
A2: Фольга Саянская Гриль ТНД 10П-290х9 | B2: В пленке | C2: 20 | D2: 10 | E2: 290 | F2: 33 | G2: =IF(C2=14,13*D2*E2*2.71/1000000,C2*D2*E2*2.71/1000000) -> 0.15718 | H2: =IF(AND(E2=290,F2=25),G2+0.026+0.001,IF(AND(E2=290,F2=33),G2+0.037+0.0013,IF(AND(E2=440,F2=33),G2+0.06+0.0018,IF(AND(E2=280,F2=25),G2+0.026+0.001,IF(AND(E2=280,F2=33),G2+0.037+0.0013))))) -> 0.19548 | I2: 305*41*41 | J2: 280 | K2: 9 | L2: =D2*60/J2 -> 2.1428571 | M2: =L2*K2 -> 19.285714 | N2: =K2*60/M2/K2 -> 3.1111111 | O2: =60/L2 -> 28 | P2: =M2+2 -> 21.285714 | Q2: Гофрокороб 314х174х104 Т-23 бел,СПФ | R2: =G2*K2 -> 1.41462 | S2: =(H2*K2)+0.2 -> 1.95932 | T2: 176 | U2: 4 | V2: =T2/U2 -> 44 | W2: =X2-15 -> 344.84032 | X2: =IF(T2=0,0,S2*T2+15) -> 359.84032 | Y2: =T2*K2 -> 1584
A3: Фольга бытовая Командор О10П-290х15 | B3: В пленке | C3: 14 | D3: 10 | E3: 290 | F3: 25 | G3: =IF(C3=14,13*D3*E3*2.71/1000000,C3*D3*E3*2.71/1000000) -> 0.102167 | H3: =IF(AND(E3=290,F3=25),G3+0.026+0.001,IF(AND(E3=290,F3=33),G3+0.037+0.0013,IF(AND(E3=440,F3=33),G3+0.06+0.0018,IF(AND(E3=280,F3=25),G3+0.026+0.001,IF(AND(E3=280,F3=33),G3+0.037+0.0013))))) -> 0.129167 | I3: 305*32*32 | J3: 350 | K3: 15 | L3: =D3*60/J3 -> 1.7142857 | M3: =L3*K3 -> 25.714286 | N3: =K3*60/M3/K3 -> 2.3333333 | O3: =60/L3 -> 35 | P3: =M3+2 -> 27.714286 | Q3: Гофрокороб 314х174х104 Т-23 бел,СПФ | R3: =G3*K3 -> 1.532505 | S3: =(H3*K3)+0.2 -> 2.137505 | T3: 220 | U3: 5 | V3: =T3/U3 -> 44 | W3: =X3-15 -> 470.2511 | X3: =IF(T3=0,0,S3*T3+15) -> 485.2511 | Y3: =T3*K3 -> 3300
A4: Фольга ГРИЛЬ ТНД 7П-290х9 | B4: В пленке | C4: 20 | D4: 7 | E4: 290 | F4: 33 | G4: =IF(C4=14,13*D4*E4*2.71/1000000,C4*D4*E4*2.71/1000000) -> 0.110026 | H4: =IF(AND(E4=290,F4=25),G4+0.026+0.001,IF(AND(E4=290,F4=33),G4+0.037+0.0013,IF(AND(E4=440,F4=33),G4+0.06+0.0018,IF(AND(E4=280,F4=25),G4+0.026+0.001,IF(AND(E4=280,F4=33),G4+0.037+0.0013))))) -> 0.148326 | I4: 305*41*41 | J4: 280 | K4: 9 | L4: =D4*60/J4 -> 1.5 | M4: =L4*K4 -> 13.5 | N4: =K4*60/M4/K4 -> 4.4444444 | O4: =60/L4 -> 40 | P4: =M4+2 -> 15.5 | Q4: Гофрокороб 314х174х104 Т-23 бел,Саянская,СПФ | R4: =G4*K4 -> 0.990234 | S4: =(H4*K4)+0.2 -> 1.534934 | T4: 176 | U4: 4 | V4: =T4/U4 -> 44 | W4: =X4-15 -> 270.14838 | X4: =IF(T4=0,0,S4*T4+15) -> 285.14838 | Y4: =T4*K4 -> 1584
A5: Фольга бытовая Правильное решение С10П-290х15 | B5: В пленке | C5: 9 | D5: 10 | E5: 290 | F5: 25 | G5: =IF(C5=14,13*D5*E5*2.71/1000000,C5*D5*E5*2.71/1000000) -> 0.070731 | H5: =IF(AND(E5=290,F5=25),G5+0.026+0.001,IF(AND(E5=440,F5=25),G5+0.039+0.0013,IF(AND(E5=290,F5=33),G5+0.037+0.0013,IF(AND(E5=440,F5=33),G5+0.06+0.0018,IF(AND(E5=280,F5=25),G5+0.026+0.001,IF(AND(E5=280,F5=33),G5+0.037+0.0013)))))) -> 0.097731 | I5: 305*32*32 | J5: 350 | K5: 15 | L5: =D5*60/J5 -> 1.7142857 | M5: =L5*K5 -> 25.714286 | N5: =K5*60/M5/K5 -> 2.3333333 | O5: =60/L5 -> 35 | P5: =M5+2 -> 27.714286 | Q5: Гофрокороб 314х174х104 Т-23 бел,СПФ | R5: =G5*K5 -> 1.060965 | S5: =(H5*K5)+0.2 -> 1.665965 | T5: 220 | U5: 5 | V5: =T5/U5 -> 44 | W5: =X5-15 -> 366.5123 | X5: =IF(T5=0,0,S5*T5+15) -> 381.5123 | Y5: =T5*K5 -> 3300
A6: Фольга бытовая ОЗОН У10П-290x15 | B6: В пленке | C6: 11 | D6: 10 | E6: 290 | F6: 25 | G6: =IF(C6=14,13*D6*E6*2.71/1000000,C6*D6*E6*2.71/1000000) -> 0.086449 | H6: =IF(AND(E6=290,F6=25),G6+0.026+0.001,IF(AND(E6=440,F6=25),G6+0.039+0.0013,IF(AND(E6=290,F6=33),G6+0.037+0.0013,IF(AND(E6=440,F6=33),G6+0.06+0.0018,IF(AND(E6=280,F6=25),G6+0.026+0.001,IF(AND(E6=280,F6=33),G6+0.037+0.0013)))))) -> 0.113449 | I6: 305*32*32 | J6: 350 | K6: 15 | L6: =D6*60/J6 -> 1.7142857 | M6: =L6*K6 -> 25.714286 | N6: =K6*60/M6/K6 -> 2.3333333 | O6: =60/L6 -> 35 | P6: =M6+2 -> 27.714286 | Q6: Гофрокороб 314х174х104 Т-23 бел,СПФ | R6: =G6*K6 -> 1.296735 | S6: =(H6*K6)+0.2 -> 1.901735 | T6: 220 | U6: 5 | V6: 44 | W6: =X6-15 -> 418.3817 | X6: =IF(T6=0,0,S6*T6+15) -> 433.3817 | Y6: =T6*K6 -> 3300
A7: Фольга бытовая Правильное решение Т10П-290х15 | B7: В пленке | C7: 7 | D7: 10 | E7: 290 | F7: 25 | G7: =IF(C7=14,13*D7*E7*2.71/1000000,C7*D7*E7*2.71/1000000) -> 0.055013 | H7: =IF(AND(E7=290,F7=25),G7+0.026+0.001,IF(AND(E7=440,F7=25),G7+0.039+0.0013,IF(AND(E7=290,F7=33),G7+0.037+0.0013,IF(AND(E7=440,F7=33),G7+0.06+0.0018,IF(AND(E7=280,F7=25),G7+0.026+0.001,IF(AND(E7=280,F7=33),G7+0.037+0.0013)))))) -> 0.082013 | I7: 305*32*32 | J7: 350 | K7: 15 | L7: =D7*60/J7 -> 1.7142857 | M7: =L7*K7 -> 25.714286 | N7: =K7*60/M7/K7 -> 2.3333333 | O7: =60/L7 -> 35 | P7: =M7+2 -> 27.714286 | Q7: Гофрокороб 314х174х104 Т-23 бел,СПФ | R7: =G7*K7 -> 0.825195 | S7: =(H7*K7)+0.2 -> 1.430195 | T7: 220 | U7: 5 | V7: =T7/U7 -> 44 | W7: =X7-15 -> 314.6429 | X7: =IF(T7=0,0,S7*T7+15) -> 329.6429 | Y7: =T7*K7 -> 3300
A8: Фольга бытовая Мадам Повари О10П-290х30 | B8: В пленке | C8: 14 | D8: 10 | E8: 290 | F8: 25 | G8: =IF(C8=14,13*D8*E8*2.71/1000000,C8*D8*E8*2.71/1000000) -> 0.102167 | H8: =IF(AND(E8=290,F8=25),G8+0.026+0.001,IF(AND(E8=290,F8=33),G8+0.037+0.0013,IF(AND(E8=440,F8=33),G8+0.06+0.0018,IF(AND(E8=280,F8=25),G8+0.026+0.001,IF(AND(E8=280,F8=33),G8+0.037+0.0013))))) -> 0.129167 | I8: 305*32*32 | J8: 350 | K8: 30 | L8: =D8*60/J8 -> 1.7142857 | M8: =L8*K8 -> 51.428571 | N8: =K8*60/M8/K8 -> 1.1666667 | O8: =60/L8 -> 35 | P8: =M8+2 -> 53.428571 | Q8: Гофрокороб 195х165х310 Т-23 бур,БПФ | R8: =G8*K8 -> 3.06501 | S8: =(H8*K8)+0.2 -> 4.07501 | T8: 130 | U8: =T8/V8 -> 5 | V8: 26 | W8: =X8-15 -> 529.7513 | X8: =IF(T8=0,0,S8*T8+15) -> 544.7513 | Y8: =T8*K8 -> 3900
A9: Фольга бытовая Мадам Повари С10П-290х30 | B9: В пленке | C9: 9 | D9: 10 | E9: 290 | F9: 25 | G9: =IF(C9=14,13*D9*E9*2.71/1000000,C9*D9*E9*2.71/1000000) -> 0.070731 | H9: =IF(AND(E9=290,F9=25),G9+0.026+0.001,IF(AND(E9=290,F9=33),G9+0.037+0.0013,IF(AND(E9=440,F9=33),G9+0.06+0.0018,IF(AND(E9=280,F9=25),G9+0.026+0.001,IF(AND(E9=280,F9=33),G9+0.037+0.0013))))) -> 0.097731 | I9: 305*32*32 | J9: 350 | K9: 30 | L9: =D9*60/J9 -> 1.7142857 | M9: =L9*K9 -> 51.428571 | N9: =K9*60/M9/K9 -> 1.1666667 | O9: =60/L9 -> 35 | P9: =M9+2 -> 53.428571 | Q9: Гофрокороб 195х165х310 Т-23 бур,БПФ | R9: =G9*K9 -> 2.12193 | S9: =(H9*K9)+0.2 -> 3.13193 | T9: 130 | U9: =T9/V9 -> 5 | V9: 26 | W9: =X9-15 -> 407.1509 | X9: =IF(T9=0,0,S9*T9+15) -> 422.1509 | Y9: =T9*K9 -> 3900
A10: Фольга бытовая Мадам Повари У10П-290х30 | B10: В пленке | C10: 11 | D10: 10 | E10: 290 | F10: 25 | G10: =IF(C10=14,13*D10*E10*2.71/1000000,C10*D10*E10*2.71/1000000) -> 0.086449 | H10: =IF(AND(E10=290,F10=25),G10+0.026+0.001,IF(AND(E10=290,F10=33),G10+0.037+0.0013,IF(AND(E10=440,F10=33),G10+0.06+0.0018,IF(AND(E10=280,F10=25),G10+0.026+0.001,IF(AND(E10=280,F10=33),G10+0.037+0.0013))))) -> 0.113449 | I10: 305*32*32 | J10: 350 | K10: 30 | L10: =D10*60/J10 -> 1.7142857 | M10: =L10*K10 -> 51.428571 | N10: =K10*60/M10/K10 -> 1.1666667 | O10: =60/L10 -> 35 | P10: =M10+2 -> 53.428571 | Q10: Гофрокороб 195х165х310 Т-23 бур,БПФ | R10: =G10*K10 -> 2.59347 | S10: =(H10*K10)+0.2 -> 3.60347 | T10: 130 | U10: =T10/V10 -> 5 | V10: 26 | W10: =X10-15 -> 468.4511 | X10: =IF(T10=0,0,S10*T10+15) -> 483.4511 | Y10: =T10*K10 -> 3900
A11: Фольга бытовая Мадам Повари У20П-290х25 | B11: В пленке | C11: 11 | D11: 20 | E11: 290 | F11: 25 | G11: =IF(C11=14,13*D11*E11*2.71/1000000,C11*D11*E11*2.71/1000000) -> 0.172898 | H11: =IF(AND(E11=290,F11=25),G11+0.026+0.001,IF(AND(E11=290,F11=33),G11+0.037+0.0013,IF(AND(E11=440,F11=33),G11+0.06+0.0018,IF(AND(E11=280,F11=25),G11+0.026+0.001,IF(AND(E11=280,F11=33),G11+0.037+0.0013))))) -> 0.199898 | I11: 305*35*35 | J11: 400 | K11: 25 | L11: =D11*60/J11 -> 3 | M11: =L11*K11 -> 75 | N11: =K11*60/M11/K11 -> 0.8 | O11: =60/L11 -> 20 | P11: =M11+2 -> 77 | Q11: Гофрокороб 195х165х310 Т-23 бур,БПФ | R11: =G11*K11 -> 4.32245 | S11: =(H11*K11)+0.2 -> 5.19745 | T11: 130 | U11: =T11/V11 -> 5 | V11: 26 | W11: =X11-15 -> 675.6685 | X11: =IF(T11=0,0,S11*T11+15) -> 690.6685 | Y11: =T11*K11 -> 3250
A12: Фольга бытовая PARLO С15П-290х30 | B12: В пленке | C12: 7 | D12: 15 | E12: 290 | F12: 25 | G12: =IF(C12=14,13*D12*E12*2.71/1000000,C12*D12*E12*2.71/1000000) -> 0.0825195 | H12: =IF(AND(E12=290,F12=25),G12+0.026+0.001,IF(AND(E12=290,F12=33),G12+0.037+0.0013,IF(AND(E12=440,F12=33),G12+0.06+0.0018,IF(AND(E12=280,F12=25),G12+0.026+0.001,IF(AND(E12=280,F12=33),G12+0.037+0.0013))))) -> 0.1095195 | I12: 305*32*32 | J12: 350 | K12: 30 | L12: =D12*60/J12 -> 2.5714286 | M12: =L12*K12 -> 77.142857 | N12: =K12*60/M12/K12 -> 0.77777778 | O12: =60/L12 -> 23.333333 | P12: =M12+2 -> 79.142857 | Q12: Гофрокороб 195х165х310 Т-23 бур,БПФ | R12: =G12*K12 -> 2.475585 | S12: =(H12*K12)+0.2 -> 3.485585 | T12: 130 | U12: 5 | V12: =T12/U12 -> 26 | W12: =X12-15 -> 453.12605 | X12: =IF(T12=0,0,S12*T12+15) -> 468.12605 | Y12: =T12*K12 -> 3900
A13: Фольга Саяночка С50П-290х12 | B13: В пленке | C13: 9 | D13: 50 | E13: 290 | F13: 33 | G13: =IF(C13=14,13*D13*E13*2.71/1000000,C13*D13*E13*2.71/1000000) -> 0.353655 | H13: =IF(AND(E13=290,F13=25),G13+0.026+0.001,IF(AND(E13=290,F13=33),G13+0.037+0.0013,IF(AND(E13=440,F13=33),G13+0.06+0.0018,IF(AND(E13=280,F13=25),G13+0.026+0.001,IF(AND(E13=280,F13=33),G13+0.037+0.0013))))) -> 0.391955 | I13: 305*47*47 | J13: 400 | K13: 12 | L13: =D13*60/J13 -> 7.5 | M13: =L13*K13 -> 90 | N13: =K13*60/M13/K13 -> 0.66666667 | O13: =60/L13 -> 8 | P13: =M13+2 -> 92 | Q13: Гофрокороб 195х165х310 Т-23 бур,БПФ | R13: =G13*K13 -> 4.24386 | S13: =(H13*K13)+0.2 -> 4.90346 | T13: 104 | U13: 4 | V13: =T13/U13 -> 26 | W13: =X13-15 -> 509.95984 | X13: =IF(T13=0,0,S13*T13+15) -> 524.95984 | Y13: =T13*K13 -> 1248
A14: Фольга бытовая ЛЕНТА У25П-290х25 | B14: В пленке | C14: 11 | D14: 25 | E14: 290 | F14: 25 | G14: =IF(C14=14,13*D14*E14*2.71/1000000,C14*D14*E14*2.71/1000000) -> 0.2161225 | H14: =IF(AND(E14=290,F14=25),G14+0.026+0.001,IF(AND(E14=290,F14=33),G14+0.037+0.0013,IF(AND(E14=440,F14=33),G14+0.06+0.0018,IF(AND(E14=280,F14=25),G14+0.026+0.001,IF(AND(E14=280,F14=33),G14+0.037+0.0013))))) -> 0.2431225 | I14: 305*35*35 | J14: 400 | K14: 25 | L14: =D14*60/J14 -> 3.75 | M14: =L14*K14 -> 93.75 | N14: =K14*60/M14/K14 -> 0.64 | O14: =60/L14 -> 16 | P14: =M14+2 -> 95.75 | Q14: Гофрокороб 195х165х310 Т-23 бур,БПФ | R14: =G14*K14 -> 5.4030625 | S14: =(H14*K14)+0.2 -> 6.2780625 | T14: 130 | U14: =T14/V14 -> 5 | V14: 26 | W14: =X14-15 -> 816.14812 | X14: =IF(T14=0,0,S14*T14+15) -> 831.14812 | Y14: =T14*K14 -> 3250
A15: Фольга бытовая С60-280х12 б/у | B15: Без упаковки | C15: 9 | D15: 60 | E15: 280 | F15: 33 | G15: =IF(C15=14,13*D15*E15*2.71/1000000,C15*D15*E15*2.71/1000000) -> 0.409752 | H15: =IF(AND(E15=290,F15=25),G15+0.026+0.001,IF(AND(E15=290,F15=33),G15+0.037+0.0013,IF(AND(E15=440,F15=33),G15+0.06+0.0018,IF(AND(E15=280,F15=25),G15+0.026+0.001,IF(AND(E15=280,F15=33),G15+0.037+0.0013))))) -> 0.448052 | I15: 305*50*50 | J15: 400 | K15: 12 | L15: =D15*60/J15 -> 9 | M15: =L15*K15 -> 108 | N15: =K15*60/M15/K15 -> 0.55555556 | O15: =60/L15 -> 6.6666667 | P15: =M15+2 -> 110 | Q15: Гофрокороб 195х165х310 Т-23 бур,БПФ | R15: =G15*K15 -> 4.917024 | S15: =(H15*K15)+0.2 -> 5.576624 | T15: 78 | U15: 3 | V15: =T15/U15 -> 26 | W15: =X15-15 -> 434.97667 | X15: =IF(T15=0,0,S15*T15+15) -> 449.97667 | Y15: =T15*K15 -> 936
A16: Фольга бытовая С48П - 290х15 упак б/печ. | B16: В пленке | C16: 9 | D16: 48 | E16: 290 | F16: 33 | G16: =IF(C16=14,13*D16*E16*2.71/1000000,C16*D16*E16*2.71/1000000) -> 0.3395088 | H16: =IF(AND(E16=290,F16=25),G16+0.026+0.001,IF(AND(E16=290,F16=33),G16+0.037+0.0013,IF(AND(E16=440,F16=33),G16+0.06+0.0018,IF(AND(E16=280,F16=25),G16+0.026+0.001,IF(AND(E16=280,F16=33),G16+0.037+0.0013))))) -> 0.3778088 | I16: 305*47*47 | J16: 400 | K16: 15 | L16: =D16*60/J16 -> 7.2 | M16: =L16*K16 -> 108 | N16: =K16*60/M16/K16 -> 0.55555556 | O16: =60/L16 -> 8.3333333 | P16: =M16+2 -> 110 | Q16: Гофрокороб 195х165х310 Т-23 бур,БПФ | R16: =G16*K16 -> 5.092632 | S16: =(H16*K16)+0.2 -> 5.867132 | T16: 78 | U16: 3 | V16: =T16/U16 -> 26 | W16: =X16-15 -> 457.6363 | X16: =IF(T16=0,0,S16*T16+15) -> 472.6363 | Y16: =T16*K16 -> 1170
A17: Фольга бытовая У60-290 х12 б/у | B17: Без упаковки | C17: 11 | D17: 60 | E17: 290 | F17: 33 | G17: =IF(C17=14,13*D17*E17*2.71/1000000,C17*D17*E17*2.71/1000000) -> 0.518694 | H17: =IF(AND(E17=290,F17=25),G17+0.026+0.001,IF(AND(E17=290,F17=33),G17+0.037+0.0013,IF(AND(E17=440,F17=33),G17+0.06+0.0018,IF(AND(E17=280,F17=25),G17+0.026+0.001,IF(AND(E17=280,F17=33),G17+0.037+0.0013))))) -> 0.556994 | I17: 305*50*50 | J17: 400 | K17: 12 | L17: =D17*60/J17 -> 9 | M17: =L17*K17 -> 108 | N17: =K17*60/M17/K17 -> 0.55555556 | O17: =60/L17 -> 6.6666667 | P17: =M17+2 -> 110 | Q17: Гофрокороб 195х165х310 Т-23 бур БПФ | R17: =G17*K17 -> 6.224328 | S17: =(H17*K17)+0.2 -> 6.883928 | T17: 78 | U17: 3 | V17: =T17/U17 -> 26 | W17: =X17-15 -> 536.94638 | X17: =IF(T17=0,0,S17*T17+15) -> 551.94638 | Y17: =T17*K17 -> 936
A18: Фольга бытовая О30П-290х15 упак б/печ. | B18: В пленке | C18: 14 | D18: 30 | E18: 290 | F18: 33 | G18: =IF(C18=14,13*D18*E18*2.71/1000000,C18*D18*E18*2.71/1000000) -> 0.306501 | H18: =IF(AND(E18=290,F18=25),G18+0.026+0.001,IF(AND(E18=290,F18=33),G18+0.037+0.0013,IF(AND(E18=440,F18=33),G18+0.06+0.0018,IF(AND(E18=280,F18=25),G18+0.026+0.001,IF(AND(E18=280,F18=33),G18+0.037+0.0013))))) -> 0.344801 | I18: 305*45*45 | J18: 400 | K18: 15 | L18: =D18*60/J18 -> 4.5 | M18: =L18*K18 -> 67.5 | N18: =K18*60/M18/K18 -> 0.88888889 | O18: =60/L18 -> 13.333333 | P18: =M18+2 -> 69.5 | Q18: Гофрокороб 195х165х310 Т-23 бур,БПФ | R18: =G18*K18 -> 4.597515 | S18: =(H18*K18)+0.2 -> 5.372015 | T18: 78 | U18: 3 | V18: =T18/U18 -> 26 | W18: =X18-15 -> 419.01717 | X18: =IF(T18=0,0,S18*T18+15) -> 434.01717 | Y18: =T18*K18 -> 1170
A19: Фольга бытовая О33П-290х15 упак б/печ. | B19: В пленке | C19: 14 | D19: 33 | E19: 290 | F19: 33 | G19: =IF(C19=14,13*D19*E19*2.71/1000000,C19*D19*E19*2.71/1000000) -> 0.3371511 | H19: =IF(AND(E19=290,F19=25),G19+0.026+0.001,IF(AND(E19=290,F19=33),G19+0.037+0.0013,IF(AND(E19=440,F19=33),G19+0.06+0.0018,IF(AND(E19=280,F19=25),G19+0.026+0.001,IF(AND(E19=280,F19=33),G19+0.037+0.0013))))) -> 0.3754511 | I19: 305*45*45 | J19: 400 | K19: 15 | L19: =D19*60/J19 -> 4.95 | M19: =L19*K19 -> 74.25 | N19: =K19*60/M19/K19 -> 0.80808081 | O19: =60/L19 -> 12.121212 | P19: =M19+2 -> 76.25 | Q19: Гофрокороб 195х165х310 Т-23 бур,БПФ | R19: =G19*K19 -> 5.0572665 | S19: =(H19*K19)+0.2 -> 5.8317665 | T19: 78 | U19: 3 | V19: =T19/U19 -> 26 | W19: =X19-15 -> 454.87779 | X19: =IF(T19=0,0,S19*T19+15) -> 469.87779 | Y19: =T19*K19 -> 1170
A20: Фольга бытовая О35П-290х15 упак б/печ | B20: В пленке | C20: 14 | D20: 35 | E20: 290 | F20: 33 | G20: =C20*D20*E20*2.71/1000000 -> 0.385091 | H20: =IF(AND(E20=290,F20=25),G20+0.026+0.001,IF(AND(E20=290,F20=33),G20+0.037+0.0013,IF(AND(E20=440,F20=33),G20+0.06+0.0018,IF(AND(E20=280,F20=25),G20+0.026+0.001,IF(AND(E20=280,F20=33),G20+0.037+0.0013))))) -> 0.423391 | I20: 305*45*45 | J20: 400 | K20: 15 | L20: =D20*60/J20 -> 5.25 | M20: =L20*K20 -> 78.75 | N20: =K20*60/M20/K20 -> 0.76190476 | O20: =60/L20 -> 11.428571 | P20: =M20+2 -> 80.75 | Q20: Гофрокороб 195х165х310 Т-23 бур,БПФ | R20: =G20*K20 -> 5.776365 | S20: =(H20*K20)+0.2 -> 6.550865 | T20: 78 | U20: 3 | V20: =T20/U20 -> 26 | W20: =X20-15 -> 510.96747 | X20: =IF(T20=0,0,S20*T20+15) -> 525.96747 | Y20: =T20*K20 -> 1170
A21: Фольга У56П-290х12 упак б/п | B21: В пленке | C21: 11 | D21: 56 | E21: 290 | F21: 33 | G21: =C21*D21*E21*2.71/1000000 -> 0.4841144 | H21: =IF(AND(E21=290,F21=25),G21+0.026+0.001,IF(AND(E21=290,F21=33),G21+0.037+0.0013,IF(AND(E21=440,F21=33),G21+0.06+0.0018,IF(AND(E21=280,F21=25),G21+0.026+0.001,IF(AND(E21=280,F21=33),G21+0.037+0.0013))))) -> 0.5224144 | I21: 305*50*50 | J21: 400 | K21: 12 | L21: =D21*60/J21 -> 8.4 | M21: =L21*K21 -> 100.8 | N21: =K21*60/M21/K21 -> 0.5952381 | O21: =60/L21 -> 7.1428571 | P21: =M21+2 -> 102.8 | Q21: Гофрокороб 195х165х310 Т-23 бур,БПФ | R21: =G21*K21 -> 5.8093728 | S21: =(H21*K21)+0.2 -> 6.4689728 | T21: 78 | U21: 3 | V21: =T21/U21 -> 26 | W21: =X21-15 -> 504.57988 | X21: =IF(T21=0,0,S21*T21+15) -> 519.57988 | Y21: =T21*K21 -> 936
A22: Фольга PACLAN С30П-290х20 | B22: В пленке | C22: 9 | D22: 30 | E22: 290 | F22: 33 | G22: =IF(C22=14,13*D22*E22*2.71/1000000,C22*D22*E22*2.71/1000000) -> 0.212193 | H22: =IF(AND(E22=290,F22=25),G22+0.026+0.001,IF(AND(E22=290,F22=33),G22+0.037+0.0013,IF(AND(E22=440,F22=33),G22+0.06+0.0018,IF(AND(E22=280,F22=25),G22+0.026+0.001,IF(AND(E22=280,F22=33),G22+0.037+0.0013))))) -> 0.250493 | I22: 305*45*45 | J22: 400 | K22: 20 | L22: =D22*60/J22 -> 4.5 | M22: =L22*K22 -> 90 | N22: =K22*60/M22/K22 -> 0.66666667 | O22: =60/L22 -> 13.333333 | P22: =M22+2 -> 92 | Q22: Гофрокороб 210х210х310 Т-23 черн,Paclan,СПФ | R22: =G22*K22 -> 4.24386 | S22: =(H22*K22)+0.2 -> 5.20986 | T22: 75 | U22: 5 | V22: =T22/U22 -> 15 | W22: =X22-15 -> 390.7395 | X22: =IF(T22=0,0,S22*T22+15) -> 405.7395 | Y22: =T22*K22 -> 1500
A23: Фольга бытовая Master FRESH C10П-290х40 | B23: В пленке | C23: 9 | D23: 10 | E23: 290 | F23: 25 | G23: =IF(C23=14,13*D23*E23*2.71/1000000,C23*D23*E23*2.71/1000000) -> 0.070731 | H23: =IF(AND(E23=290,F23=25),G23+0.026+0.001,IF(AND(E23=290,F23=33),G23+0.037+0.0013,IF(AND(E23=440,F23=33),G23+0.06+0.0018,IF(AND(E23=280,F23=25),G23+0.026+0.001,IF(AND(E23=280,F23=33),G23+0.037+0.0013))))) -> 0.097731 | I23: 305*32*32 | J23: 350 | K23: 40 | L23: =D23*60/J23 -> 1.7142857 | M23: =L23*K23 -> 68.571429 | N23: =K23*60/M23/K23 -> 0.875 | O23: =60/L23 -> 35 | P23: =M23+2 -> 70.571429 | Q23: Гофрокороб 210х210х310 Т-23 бур,БПФ | R23: =G23*K23 -> 2.82924 | S23: =(H23*K23)+0.2 -> 4.10924 | T23: 75 | U23: 5 | V23: =T23/U23 -> 15 | W23: =X23-15 -> 308.193 | X23: =IF(T23=0,0,S23*T23+15) -> 323.193 | Y23: =T23*K23 -> 3000
A24: Фольга бытовая Master FRESH У10П-290х40 | B24: В пленке | C24: 11 | D24: 10 | E24: 290 | F24: 25 | G24: =IF(C24=14,13*D24*E24*2.71/1000000,C24*D24*E24*2.71/1000000) -> 0.086449 | H24: =IF(AND(E24=290,F24=25),G24+0.026+0.001,IF(AND(E24=290,F24=33),G24+0.037+0.0013,IF(AND(E24=440,F24=33),G24+0.06+0.0018,IF(AND(E24=280,F24=25),G24+0.026+0.001,IF(AND(E24=280,F24=33),G24+0.037+0.0013))))) -> 0.113449 | I24: 305*32*32 | J24: 350 | K24: 40 | L24: =D24*60/J24 -> 1.7142857 | M24: =L24*K24 -> 68.571429 | N24: =K24*60/M24/K24 -> 0.875 | O24: =60/L24 -> 35 | P24: =M24+2 -> 70.571429 | Q24: Гофрокороб 210х210х310 Т-23 бур,БПФ | R24: =G24*K24 -> 3.45796 | S24: =(H24*K24)+0.2 -> 4.73796 | T24: 75 | U24: 5 | V24: =T24/U24 -> 15 | W24: =X24-15 -> 355.347 | X24: =IF(T24=0,0,S24*T24+15) -> 370.347 | Y24: =T24*K24 -> 3000
A25: Фольга бытовая PARLO C8П-290х40 (7 мкм) | B25: В пленке | C25: 7 | D25: 8 | E25: 290 | F25: 25 | G25: =IF(C25=14,13*D25*E25*2.71/1000000,C25*D25*E25*2.71/1000000) -> 0.0440104 | H25: =IF(AND(E25=290,F25=25),G25+0.026+0.001,IF(AND(E25=290,F25=33),G25+0.037+0.0013,IF(AND(E25=440,F25=33),G25+0.06+0.0018,IF(AND(E25=280,F25=25),G25+0.026+0.001,IF(AND(E25=280,F25=33),G25+0.037+0.0013))))) -> 0.0710104 | I25: 305*32*32 | J25: 280 | K25: 40 | L25: =D25*60/J25 -> 1.7142857 | M25: =L25*K25 -> 68.571429 | N25: =K25*60/M25/K25 -> 0.875 | O25: =60/L25 -> 35 | P25: =M25+2 -> 70.571429 | Q25: Гофрокороб 210х210х310 Т-23 бур,БПФ | R25: =G25*K25 -> 1.760416 | S25: =(H25*K25)+0.2 -> 3.040416 | T25: 75 | U25: 5 | V25: =T25/U25 -> 15 | W25: =X25-15 -> 228.0312 | X25: =IF(T25=0,0,S25*T25+15) -> 243.0312 | Y25: =T25*K25 -> 3000
A26: Фольга бытовая PARLO C8П-290х40 (9 мкм) | B26: В пленке | C26: 9 | D26: 8 | E26: 290 | F26: 25 | G26: =IF(C26=14,13*D26*E26*2.71/1000000,C26*D26*E26*2.71/1000000) -> 0.0565848 | H26: =IF(AND(E26=290,F26=25),G26+0.026+0.001,IF(AND(E26=290,F26=33),G26+0.037+0.0013,IF(AND(E26=440,F26=33),G26+0.06+0.0018,IF(AND(E26=280,F26=25),G26+0.026+0.001,IF(AND(E26=280,F26=33),G26+0.037+0.0013))))) -> 0.0835848 | I26: 305*32*32 | J26: 280 | K26: 40 | L26: =D26*60/J26 -> 1.7142857 | M26: =L26*K26 -> 68.571429 | N26: =K26*60/M26/K26 -> 0.875 | O26: =60/L26 -> 35 | P26: =M26+2 -> 70.571429 | Q26: Гофрокороб 210х210х310 Т-23 бур,БПФ | R26: =G26*K26 -> 2.263392 | S26: =(H26*K26)+0.2 -> 3.543392 | T26: 75 | U26: 5 | V26: =T26/U26 -> 15 | W26: =X26-15 -> 265.7544 | X26: =IF(T26=0,0,S26*T26+15) -> 280.7544 | Y26: =T26*K26 -> 3000
A27: Фольга DANKE У10Пх36 | B27: В пленке | C27: 11 | D27: 10 | E27: 290 | F27: 25 | G27: =IF(C27=14,13*D27*E27*2.71/1000000,C27*D27*E27*2.71/1000000) -> 0.086449 | H27: =IF(AND(E27=290,F27=25),G27+0.026+0.001,IF(AND(E27=290,F27=33),G27+0.037+0.0013,IF(AND(E27=440,F27=33),G27+0.06+0.0018,IF(AND(E27=280,F27=25),G27+0.026+0.001,IF(AND(E27=280,F27=33),G27+0.037+0.0013))))) -> 0.113449 | I27: 305*32*32 | J27: 350 | K27: 36 | L27: =D27*60/J27 -> 1.7142857 | M27: =L27*K27 -> 61.714286 | N27: =K27*60/M27/K27 -> 0.97222222 | O27: =60/L27 -> 35 | P27: =M27+2 -> 63.714286 | Q27: Гофрокороб 210х210х310 Т-23 бел,СПФ | R27: =G27*K27 -> 3.112164 | S27: =(H27*K27)+0.2 -> 4.284164 | T27: 75 | U27: 5 | V27: =T27/U27 -> 15 | W27: =X27-15 -> 321.3123 | X27: =IF(T27=0,0,S27*T27+15) -> 336.3123 | Y27: =T27*K27 -> 2700
A28: Фольга Классическая У40П-290х15 | B28: В пленке | C28: 11 | D28: 40 | E28: 290 | F28: 33 | G28: =IF(C28=14,13*D28*E28*2.71/1000000,C28*D28*E28*2.71/1000000) -> 0.345796 | H28: =IF(AND(E28=290,F28=25),G28+0.026+0.001,IF(AND(E28=290,F28=33),G28+0.037+0.0013,IF(AND(E28=440,F28=33),G28+0.06+0.0018,IF(AND(E28=280,F28=25),G28+0.026+0.001,IF(AND(E28=280,F28=33),G28+0.037+0.0013))))) -> 0.384096 | I28: 305*45*45 | J28: 400 | K28: 15 | L28: =D28*60/J28 -> 6 | M28: =L28*K28 -> 90 | N28: =K28*60/M28/K28 -> 0.66666667 | O28: =60/L28 -> 10 | P28: =M28+2 -> 92 | Q28: Гофрокороб 324х222х134 Т-23 бел,Саянская,СПФ | R28: =G28*K28 -> 5.18694 | S28: =(H28*K28)+0.2 -> 5.96144 | T28: 78 | U28: 3 | V28: =T28/U28 -> 26 | W28: =X28-15 -> 464.99232 | X28: =IF(T28=0,0,S28*T28+15) -> 479.99232 | Y28: =T28*K28 -> 1170
A29: Фольга бытовая ЛЕНТА У8П-290х25 | B29: В пленке | C29: 11 | D29: 8 | E29: 290 | F29: 25 | G29: =IF(C29=14,13*D29*E29*2.71/1000000,C29*D29*E29*2.71/1000000) -> 0.0691592 | H29: =IF(AND(E29=290,F29=25),G29+0.026+0.001,IF(AND(E29=440,F29=25),G29+0.039+0.0013,IF(AND(E29=290,F29=33),G29+0.037+0.0013,IF(AND(E29=440,F29=33),G29+0.06+0.0018,IF(AND(E29=280,F29=25),G29+0.026+0.001,IF(AND(E29=280,F29=33),G29+0.037+0.0013)))))) -> 0.0961592 | I29: 305*32*32 | J29: 280 | K29: 25 | L29: =D29*60/J29 -> 1.7142857 | M29: =L29*K29 -> 42.857143 | N29: =K29*60/M29/K29 -> 1.4 | O29: =60/L29 -> 35 | P29: =M29+2 -> 44.857143 | Q29: Гофрокороб 324х222х134 Т-23 бел,СПФ | R29: =G29*K29 -> 1.72898 | S29: =(H29*K29)+0.2 -> 2.60398 | T29: 130 | U29: 5 | V29: =T29/U29 -> 26 | W29: =X29-15 -> 338.5174 | X29: =IF(T29=0,0,S29*T29+15) -> 353.5174 | Y29: =T29*K29 -> 3250
A30: Фольга HOMECLUB О10П-290х25 | B30: В пленке | C30: 14 | D30: 10 | E30: 290 | F30: 25 | G30: =IF(C30=14,13*D30*E30*2.71/1000000,C30*D30*E30*2.71/1000000) -> 0.102167 | H30: =IF(AND(E30=290,F30=25),G30+0.026+0.001,IF(AND(E30=290,F30=33),G30+0.037+0.0013,IF(AND(E30=440,F30=33),G30+0.06+0.0018,IF(AND(E30=280,F30=25),G30+0.026+0.001,IF(AND(E30=280,F30=33),G30+0.037+0.0013))))) -> 0.129167 | I30: 305*32*32 | J30: 350 | K30: 25 | L30: =D30*60/J30 -> 1.7142857 | M30: =L30*K30 -> 42.857143 | N30: =K30*60/M30/K30 -> 1.4 | O30: =60/L30 -> 35 | P30: =M30+2 -> 44.857143 | Q30: Гофрокороб 324х222х134 Т-23 бел,СПФ | R30: =G30*K30 -> 2.554175 | S30: =(H30*K30)+0.2 -> 3.429175 | T30: 130 | U30: 5 | V30: =T30/U30 -> 26 | W30: =X30-15 -> 445.79275 | X30: =IF(T30=0,0,S30*T30+15) -> 460.79275 | Y30: =T30*K30 -> 3250
A31: Фольга С60П-290х10, б/у | B31: Без упаковки | C31: 9 | D31: 60 | E31: 290 | F31: 33 | G31: =IF(C31=14,13*D31*E31*2.71/1000000,C31*D31*E31*2.71/1000000) -> 0.424386 | H31: =IF(AND(E31=290,F31=25),G31+0.026+0.001,IF(AND(E31=290,F31=33),G31+0.037+0.0013,IF(AND(E31=440,F31=33),G31+0.06+0.0018,IF(AND(E31=280,F31=25),G31+0.026+0.001,IF(AND(E31=280,F31=33),G31+0.037+0.0013))))) -> 0.462686 | I31: 305*50*50 | J31: 400 | K31: 10 | L31: =D31*60/J31 -> 9 | M31: =L31*K31 -> 90 | N31: =K31*60/M31/K31 -> 0.66666667 | O31: =60/L31 -> 6.6666667 | P31: =M31+2 -> 92 | Q31: Гофрокороб 324х222х134 Т-23 бел,СПФ | R31: =G31*K31 -> 4.24386 | S31: =(H31*K31)+0.2 -> 4.82686 | T31: 78 | U31: 3 | V31: =T31/U31 -> 26 | W31: =X31-15 -> 376.49508 | X31: =IF(T31=0,0,S31*T31+15) -> 391.49508 | Y31: =T31*K31 -> 780
A32: Фольга бытовая Kitchen Secrets С12П-290х49 | B32: В пленке | C32: 9 | D32: 12 | E32: 290 | F32: 25 | G32: =IF(C32=14,13*D32*E32*2.71/1000000,C32*D32*E32*2.71/1000000) -> 0.0848772 | H32: =IF(AND(E32=290,F32=25),G32+0.026+0.001,IF(AND(E32=290,F32=33),G32+0.037+0.0013,IF(AND(E32=440,F32=33),G32+0.06+0.0018,IF(AND(E32=280,F32=25),G32+0.026+0.001,IF(AND(E32=280,F32=33),G32+0.037+0.0013))))) -> 0.1118772 | I32: 305*32*32 | J32: 350 | K32: 49 | L32: =D32*60/J32 -> 2.0571429 | M32: =L32*K32 -> 100.8 | N32: =K32*60/M32/K32 -> 0.5952381 | O32: =60/L32 -> 29.166667 | P32: =M32+2 -> 102.8 | Q32: Гофрокороб 310х230х210 Т-23 бел,Kitchen secrets,СПФ | R32: =G32*K32 -> 4.1589828 | S32: =(H32*K32)+0.2 -> 5.6819828 | T32: 84 | U32: 7 | V32: =T32/U32 -> 12 | W32: =X32-15 -> 477.28656 | X32: =IF(T32=0,0,S32*T32+15) -> 492.28656 | Y32: =T32*K32 -> 4116
A33: Фольга Саянская У6П-290х35 | B33: В пленке | C33: 11 | D33: 6 | E33: 290 | F33: 25 | G33: =IF(C33=14,13*D33*E33*2.71/1000000,C33*D33*E33*2.71/1000000) -> 0.0518694 | H33: =IF(AND(E33=290,F33=25),G33+0.026+0.001,IF(AND(E33=290,F33=33),G33+0.037+0.0013,IF(AND(E33=440,F33=33),G33+0.06+0.0018,IF(AND(E33=280,F33=25),G33+0.026+0.001,IF(AND(E33=280,F33=33),G33+0.037+0.0013))))) -> 0.0788694 | I33: 305*32*32 | J33: 200 | K33: 35 | L33: =D33*60/J33 -> 1.8 | M33: =L33*K33 -> 63 | N33: =K33*60/M33/K33 -> 0.95238095 | O33: =60/L33 -> 33.333333 | P33: =M33+2 -> 65 | Q33: Гофрокороб 228х160х310 Т-23 бел с красн,Саянская,СПФ | R33: =G33*K33 -> 1.815429 | S33: =(H33*K33)+0.2 -> 2.960429 | T33: 96 | U33: 4 | V33: =T33/U33 -> 24 | W33: =X33-15 -> 284.20118 | X33: =IF(T33=0,0,S33*T33+15) -> 299.20118 | Y33: =T33*K33 -> 3360
A34: Фольга Саянская У10П-290х35 | B34: В пленке | C34: 11 | D34: 10 | E34: 290 | F34: 25 | G34: =IF(C34=14,13*D34*E34*2.71/1000000,C34*D34*E34*2.71/1000000) -> 0.086449 | H34: =IF(AND(E34=290,F34=25),G34+0.026+0.001,IF(AND(E34=290,F34=33),G34+0.037+0.0013,IF(AND(E34=440,F34=33),G34+0.06+0.0018,IF(AND(E34=280,F34=25),G34+0.026+0.001,IF(AND(E34=280,F34=33),G34+0.037+0.0013))))) -> 0.113449 | I34: 305*32*32 | J34: 350 | K34: 35 | L34: =D34*60/J34 -> 1.7142857 | M34: =L34*K34 -> 60 | N34: =K34*60/M34/K34 -> 1 | O34: =60/L34 -> 35 | P34: =M34+2 -> 62 | Q34: Гофрокороб 228х160х310 Т-23 бел с красн,Саянская,СПФ | R34: =G34*K34 -> 3.025715 | S34: =(H34*K34)+0.2 -> 4.170715 | T34: 96 | U34: 4 | V34: =T34/U34 -> 24 | W34: =X34-15 -> 400.38864 | X34: =IF(T34=0,0,S34*T34+15) -> 415.38864 | Y34: =T34*K34 -> 3360
A35: Фольга Саянская У25П-290х28 | B35: В пленке | C35: 11 | D35: 25 | E35: 290 | F35: 25 | G35: =IF(C35=14,13*D35*E35*2.71/1000000,C35*D35*E35*2.71/1000000) -> 0.2161225 | H35: =IF(AND(E35=290,F35=25),G35+0.026+0.001,IF(AND(E35=290,F35=33),G35+0.037+0.0013,IF(AND(E35=440,F35=33),G35+0.06+0.0018,IF(AND(E35=280,F35=25),G35+0.026+0.001,IF(AND(E35=280,F35=33),G35+0.037+0.0013))))) -> 0.2431225 | I35: 305*35*35 | J35: 400 | K35: 28 | L35: =D35*60/J35 -> 3.75 | M35: =L35*K35 -> 105 | N35: =K35*60/M35/K35 -> 0.57142857 | O35: =60/L35 -> 16 | P35: =M35+2 -> 107 | Q35: Гофрокороб 228х160х310 Т-23 бел с красн,Саянская,СПФ | R35: =G35*K35 -> 6.05143 | S35: =(H35*K35)+0.2 -> 7.00743 | T35: 120 | U35: 5 | V35: =T35/U35 -> 24 | W35: =X35-15 -> 840.8916 | X35: =IF(T35=0,0,S35*T35+15) -> 855.8916 | Y35: =T35*K35 -> 3360
A36: Фольга бытовая АШАН У30П-290х28 | B36: В пленке | C36: 11 | D36: 30 | E36: 290 | F36: 25 | G36: =IF(C36=14,13*D36*E36*2.71/1000000,C36*D36*E36*2.71/1000000) -> 0.259347 | H36: =IF(AND(E36=290,F36=25),G36+0.026+0.001,IF(AND(E36=290,F36=33),G36+0.037+0.0013,IF(AND(E36=440,F36=33),G36+0.06+0.0018,IF(AND(E36=280,F36=25),G36+0.026+0.001,IF(AND(E36=280,F36=33),G36+0.037+0.0013))))) -> 0.286347 | I36: 305*35*35 | J36: 400 | K36: 28 | L36: =D36*60/J36 -> 4.5 | M36: =L36*K36 -> 126 | N36: =K36*60/M36/K36 -> 0.47619048 | O36: =60/L36 -> 13.333333 | P36: =M36+2 -> 128 | Q36: Гофрокороб 228х160х310 Т-23 бел, Ашан, СПФ | R36: =G36*K36 -> 7.261716 | S36: =(H36*K36)+0.2 -> 8.217716 | T36: 72 | U36: 3 | V36: =T36/U36 -> 24 | W36: =X36-15 -> 591.67555 | X36: =IF(T36=0,0,S36*T36+15) -> 606.67555 | Y36: =T36*K36 -> 2016
A37: Фольга Саянская У50П-290х15 | B37: В пленке | C37: 11 | D37: 50 | E37: 290 | F37: 33 | G37: =IF(C37=14,13*D37*E37*2.71/1000000,C37*D37*E37*2.71/1000000) -> 0.432245 | H37: =IF(AND(E37=290,F37=25),G37+0.026+0.001,IF(AND(E37=290,F37=33),G37+0.037+0.0013,IF(AND(E37=440,F37=33),G37+0.06+0.0018,IF(AND(E37=280,F37=25),G37+0.026+0.001,IF(AND(E37=280,F37=33),G37+0.037+0.0013))))) -> 0.470545 | I37: 305*47*47 | J37: 400 | K37: 15 | L37: =D37*60/J37 -> 7.5 | M37: =L37*K37 -> 112.5 | N37: =K37*60/M37/K37 -> 0.53333333 | O37: =60/L37 -> 8 | P37: =M37+2 -> 114.5 | Q37: Гофрокороб 228х160х310 Т-23 бел с красн,Саянская,СПФ | R37: =G37*K37 -> 6.483675 | S37: =(H37*K37)+0.2 -> 7.258175 | T37: 72 | U37: 3 | V37: =T37/U37 -> 24 | W37: =X37-15 -> 522.5886 | X37: =IF(T37=0,0,S37*T37+15) -> 537.5886 | Y37: =T37*K37 -> 1080
A38: Фольга Саянская О10П-290х35 | B38: В пленке | C38: 14 | D38: 10 | E38: 290 | F38: 25 | G38: =IF(C38=14,13*D38*E38*2.71/1000000,C38*D38*E38*2.71/1000000) -> 0.102167 | H38: =IF(AND(E38=290,F38=25),G38+0.026+0.001,IF(AND(E38=290,F38=33),G38+0.037+0.0013,IF(AND(E38=440,F38=33),G38+0.06+0.0018,IF(AND(E38=280,F38=25),G38+0.026+0.001,IF(AND(E38=280,F38=33),G38+0.037+0.0013))))) -> 0.129167 | I38: 305*32*32 | J38: 350 | K38: 35 | L38: =D38*60/J38 -> 1.7142857 | M38: =L38*K38 -> 60 | N38: =K38*60/M38/K38 -> 1 | O38: =60/L38 -> 35 | P38: =M38+2 -> 62 | Q38: Гофрокороб 228х160х310 Т-23 бел с красн,Саянская,СПФ | R38: =G38*K38 -> 3.575845 | S38: =(H38*K38)+0.2 -> 4.720845 | T38: 96 | U38: 4 | V38: =T38/U38 -> 24 | W38: =X38-15 -> 453.20112 | X38: =IF(T38=0,0,S38*T38+15) -> 468.20112 | Y38: =T38*K38 -> 3360
A39: Фольга Саянская О50П-290х15 | B39: В пленке | C39: 14 | D39: 50 | E39: 290 | F39: 33 | G39: =IF(C39=14,13*D39*E39*2.71/1000000,C39*D39*E39*2.71/1000000) -> 0.510835 | H39: =IF(AND(E39=290,F39=25),G39+0.026+0.001,IF(AND(E39=290,F39=33),G39+0.037+0.0013,IF(AND(E39=440,F39=33),G39+0.06+0.0018,IF(AND(E39=280,F39=25),G39+0.026+0.001,IF(AND(E39=280,F39=33),G39+0.037+0.0013))))) -> 0.549135 | I39: 305*47*47 | J39: 400 | K39: 15 | L39: =D39*60/J39 -> 7.5 | M39: =L39*K39 -> 112.5 | N39: =K39*60/M39/K39 -> 0.53333333 | O39: =60/L39 -> 8 | P39: =M39+2 -> 114.5 | Q39: Гофрокороб 228х160х310 Т-23 бел с красн,Саянская,СПФ | R39: =G39*K39 -> 7.662525 | S39: =(H39*K39)+0.2 -> 8.437025 | T39: 72 | U39: 3 | V39: =T39/U39 -> 24 | W39: =X39-15 -> 607.4658 | X39: =IF(T39=0,0,S39*T39+15) -> 622.4658 | Y39: =T39*K39 -> 1080
A40: Фольга Саянская ГРИЛЬ 10П-290х20 | B40: В пленке | C40: 20 | D40: 10 | E40: 290 | F40: 33 | G40: =IF(C40=14,13*D40*E40*2.71/1000000,C40*D40*E40*2.71/1000000) -> 0.15718 | H40: =IF(AND(E40=290,F40=25),G40+0.026+0.001,IF(AND(E40=290,F40=33),G40+0.037+0.0013,IF(AND(E40=440,F40=33),G40+0.06+0.0018,IF(AND(E40=280,F40=25),G40+0.026+0.001,IF(AND(E40=280,F40=33),G40+0.037+0.0013))))) -> 0.19548 | I40: 305*41*41 | J40: 350 | K40: 20 | L40: =D40*60/J40 -> 1.7142857 | M40: =L40*K40 -> 34.285714 | N40: =K40*60/M40/K40 -> 1.75 | O40: =60/L40 -> 35 | P40: =M40+2 -> 36.285714 | Q40: Гофрокороб 228х160х310 Т-23 бел с красн,Саянская,СПФ | R40: =G40*K40 -> 3.1436 | S40: =(H40*K40)+0.2 -> 4.1096 | T40: 120 | U40: 5 | V40: =T40/U40 -> 24 | W40: =X40-15 -> 493.152 | X40: =IF(T40=0,0,S40*T40+15) -> 508.152 | Y40: =T40*K40 -> 2400
A41: Фольга О50T-14-290х12 HoReCa Select | B41: В пленке | C41: 14 | D41: 50 | E41: 290 | F41: 33 | G41: =IF(C41=14,13*D41*E41*2.71/1000000,C41*D41*E41*2.71/1000000) -> 0.510835 | H41: =IF(AND(E41=290,F41=25),G41+0.026+0.001,IF(AND(E41=290,F41=33),G41+0.037+0.0013,IF(AND(E41=440,F41=33),G41+0.06+0.0018,IF(AND(E41=280,F41=25),G41+0.026+0.001,IF(AND(E41=280,F41=33),G41+0.037+0.0013))))) -> 0.549135 | I41: 305*47*47 | J41: 400 | K41: 12 | L41: =D41*60/J41 -> 7.5 | M41: =L41*K41 -> 90 | N41: =K41*60/M41/K41 -> 0.66666667 | O41: =60/L41 -> 8 | P41: =M41+2 -> 92 | Q41: Гофрокороб 228х160х310 Т-23 бур БПФ | R41: =G41*K41 -> 6.13002 | S41: =(H41*K41)+0.2 -> 6.78962 | T41: 72 | U41: 3 | V41: =T41/U41 -> 24 | W41: =X41-15 -> 488.85264 | X41: =IF(T41=0,0,S41*T41+15) -> 503.85264 | Y41: =T41*K41 -> 864
... A45: Фольга бытовая METRO (ARO) 10Пх30 | B45: В пленке | C45: 9 | D45: 10 | E45: 290 | F45: 25 | G45: =IF(C45=14,13*D45*E45*2.71/1000000,C45*D45*E45*2.71/1000000) -> 0.070731 | H45: =IF(AND(E45=290,F45=25),G45+0.026+0.001,IF(AND(E45=290,F45=33),G45+0.037+0.0013,IF(AND(E45=440,F45=33),G45+0.06+0.0018,IF(AND(E45=280,F45=25),G45+0.026+0.001,IF(AND(E45=280,F45=33),G45+0.037+0.0013))))) -> 0.097731 | I45: 305*32*32 | J45: 350 | K45: 30 | L45: =D45*60/J45 -> 1.7142857 | M45: =L45*K45 -> 51.428571 | N45: =K45*60/M45/K45 -> 1.1666667 | O45: =60/L45 -> 35 | P45: =M45+2 -> 53.428571 | Q45: Гофрокороб 228х160х310 Т-23 бур БПФ | R45: =G45*K45 -> 2.12193 | S45: =(H45*K45)+0.2 -> 3.13193 | T45: 120 | U45: 5 | V45: =T45/U45 -> 24 | W45: =X45-15 -> 375.8316 | X45: =IF(T45=0,0,S45*T45+15) -> 390.8316 | Y45: =T45*K45 -> 3600
A46: Фольга бытовая 365 ДНЕЙ С50П-290х15 | B46: В пленке | C46: 9 | D46: 50 | E46: 290 | F46: 33 | G46: =IF(C46=14,13*D46*E46*2.71/1000000,C46*D46*E46*2.71/1000000) -> 0.353655 | H46: =IF(AND(E46=290,F46=25),G46+0.026+0.001,IF(AND(E46=290,F46=33),G46+0.037+0.0013,IF(AND(E46=440,F46=33),G46+0.06+0.0018,IF(AND(E46=280,F46=25),G46+0.026+0.001,IF(AND(E46=280,F46=33),G46+0.037+0.0013))))) -> 0.391955 | I46: 305*47*47 | J46: 400 | K46: 15 | L46: =D46*60/J46 -> 7.5 | M46: =L46*K46 -> 112.5 | N46: =K46*60/M46/K46 -> 0.53333333 | O46: =60/L46 -> 8 | P46: =M46+2 -> 114.5 | Q46: Гофрокороб 228х160х310 Т-23 бур БПФ | R46: =G46*K46 -> 5.304825 | S46: =(H46*K46)+0.2 -> 6.079325 | T46: 120 | U46: 5 | V46: 24 | W46: =X46-15 -> 729.519 | X46: =IF(T46=0,0,S46*T46+15) -> 744.519 | Y46: =T46*K46 -> 1800
A47: Фольга PERFECT HOUSE У50П-290х15 | B47: В пленке | C47: 11 | D47: 50 | E47: 290 | F47: 33 | G47: =IF(C47=14,13*D47*E47*2.71/1000000,C47*D47*E47*2.71/1000000) -> 0.432245 | H47: =IF(AND(E47=290,F47=25),G47+0.026+0.001,IF(AND(E47=290,F47=33),G47+0.037+0.0013,IF(AND(E47=440,F47=33),G47+0.06+0.0018,IF(AND(E47=280,F47=25),G47+0.026+0.001,IF(AND(E47=280,F47=33),G47+0.037+0.0013))))) -> 0.470545 | I47: 305*47*47 | J47: 400 | K47: 15 | L47: =D47*60/J47 -> 7.5 | M47: =L47*K47 -> 112.5 | N47: =K47*60/M47/K47 -> 0.53333333 | O47: =60/L47 -> 8 | P47: =M47+2 -> 114.5 | Q47: Гофрокороб 228х160х310 Т-23 бур БПФ | R47: =G47*K47 -> 6.483675 | S47: =(H47*K47)+0.2 -> 7.258175 | T47: 72 | U47: 3 | V47: =T47/U47 -> 24 | W47: =X47-15 -> 522.5886 | X47: =IF(T47=0,0,S47*T47+15) -> 537.5886 | Y47: =T47*K47 -> 1080
A48: Фольга бытовая LOMBERTA У50П-290х15 | B48: В пленке | C48: 11 | D48: 50 | E48: 290 | F48: 33 | G48: =IF(C48=14,13*D48*E48*2.71/1000000,C48*D48*E48*2.71/1000000) -> 0.432245 | H48: =IF(AND(E48=290,F48=25),G48+0.026+0.001,IF(AND(E48=290,F48=33),G48+0.037+0.0013,IF(AND(E48=440,F48=33),G48+0.06+0.0018,IF(AND(E48=280,F48=25),G48+0.026+0.001,IF(AND(E48=280,F48=33),G48+0.037+0.0013))))) -> 0.470545 | I48: 305*47*47 | J48: 400 | K48: 15 | L48: =D48*60/J48 -> 7.5 | M48: =L48*K48 -> 112.5 | N48: =K48*60/M48/K48 -> 0.53333333 | O48: =60/L48 -> 8 | P48: =M48+2 -> 114.5 | Q48: Гофрокороб 228х160х310 Т-23 бур СПФ | R48: =G48*K48 -> 6.483675 | S48: =(H48*K48)+0.2 -> 7.258175 | T48: 72 | U48: 3 | V48: =T48/U48 -> 24 | W48: =X48-15 -> 522.5886 | X48: =IF(T48=0,0,S48*T48+15) -> 537.5886 | Y48: =T48*K48 -> 1080
A49: Фольга бытовая Master FRESH Т50П-290х15 | B49: В пленке | C49: 7 | D49: 50 | E49: 290 | F49: 33 | G49: =IF(C49=14,13*D49*E49*2.71/1000000,C49*D49*E49*2.71/1000000) -> 0.275065 | H49: =IF(AND(E49=290,F49=25),G49+0.026+0.001,IF(AND(E49=290,F49=33),G49+0.037+0.0013,IF(AND(E49=440,F49=33),G49+0.06+0.0018,IF(AND(E49=280,F49=25),G49+0.026+0.001,IF(AND(E49=280,F49=33),G49+0.037+0.0013))))) -> 0.313365 | I49: 305*47*47 | J49: 400 | K49: 15 | L49: =D49*60/J49 -> 7.5 | M49: =L49*K49 -> 112.5 | N49: =K49*60/M49/K49 -> 0.53333333 | O49: =60/L49 -> 8 | P49: =M49+2 -> 114.5 | Q49: Гофрокороб 228х160х310 Т-23 бур БПФ | R49: =G49*K49 -> 4.125975 | S49: =(H49*K49)+0.2 -> 4.900475 | T49: 72 | U49: 3 | V49: 24 | W49: =X49-15 -> 352.8342 | X49: =IF(T49=0,0,S49*T49+15) -> 367.8342 | Y49: =T49*K49 -> 1080
A50: Фольга бытовая Master FRESH У50П-290х15 | B50: В пленке | C50: 11 | D50: 50 | E50: 290 | F50: 33 | G50: =IF(C50=14,13*D50*E50*2.71/1000000,C50*D50*E50*2.71/1000000) -> 0.432245 | H50: =IF(AND(E50=290,F50=25),G50+0.026+0.001,IF(AND(E50=290,F50=33),G50+0.037+0.0013,IF(AND(E50=440,F50=33),G50+0.06+0.0018,IF(AND(E50=280,F50=25),G50+0.026+0.001,IF(AND(E50=280,F50=33),G50+0.037+0.0013))))) -> 0.470545 | I50: 305*47*47 | J50: 400 | K50: 15 | L50: =D50*60/J50 -> 7.5 | M50: =L50*K50 -> 112.5 | N50: =K50*60/M50/K50 -> 0.53333333 | O50: =60/L50 -> 8 | P50: =M50+2 -> 114.5 | Q50: Гофрокороб 228х160х310 Т-23 бур БПФ | R50: =G50*K50 -> 6.483675 | S50: =(H50*K50)+0.2 -> 7.258175 | T50: 72 | U50: 3 | V50: 24 | W50: =X50-15 -> 522.5886 | X50: =IF(T50=0,0,S50*T50+15) -> 537.5886 | Y50: =T50*K50 -> 1080
A51: Фольга бытовая Master FRESH О50П-290х15 | B51: В пленке | C51: 14 | D51: 50 | E51: 290 | F51: 33 | G51: =IF(C51=14,13*D51*E51*2.71/1000000,C51*D51*E51*2.71/1000000) -> 0.510835 | H51: =IF(AND(E51=290,F51=25),G51+0.026+0.001,IF(AND(E51=290,F51=33),G51+0.037+0.0013,IF(AND(E51=440,F51=33),G51+0.06+0.0018,IF(AND(E51=280,F51=25),G51+0.026+0.001,IF(AND(E51=280,F51=33),G51+0.037+0.0013))))) -> 0.549135 | I51: 305*47*47 | J51: 400 | K51: 15 | L51: =D51*60/J51 -> 7.5 | M51: =L51*K51 -> 112.5 | N51: =K51*60/M51/K51 -> 0.53333333 | O51: =60/L51 -> 8 | P51: =M51+2 -> 114.5 | Q51: Гофрокороб 228х160х310 Т-23 бур БПФ | R51: =G51*K51 -> 7.662525 | S51: =(H51*K51)+0.2 -> 8.437025 | T51: 72 | U51: 3 | V51: 24 | W51: =X51-15 -> 607.4658 | X51: =IF(T51=0,0,S51*T51+15) -> 622.4658 | Y51: =T51*K51 -> 1080
A52: Фольга бытовая VIO O10П-290х35 | B52: В пленке | C52: 14 | D52: 10 | E52: 290 | F52: 25 | G52: =IF(C52=14,13*D52*E52*2.71/1000000,C52*D52*E52*2.71/1000000) -> 0.102167 | H52: =IF(AND(E52=290,F52=25),G52+0.026+0.001,IF(AND(E52=290,F52=33),G52+0.037+0.0013,IF(AND(E52=440,F52=33),G52+0.06+0.0018,IF(AND(E52=280,F52=25),G52+0.026+0.001,IF(AND(E52=280,F52=33),G52+0.037+0.0013))))) -> 0.129167 | I52: 305*32*32 | J52: 350 | K52: 35 | L52: =D52*60/J52 -> 1.7142857 | M52: =L52*K52 -> 60 | N52: =K52*60/M52/K52 -> 1 | O52: =60/L52 -> 35 | P52: =M52+2 -> 62 | Q52: Гофрокороб 228х160х310 Т-23 бур СПФ | R52: =G52*K52 -> 3.575845 | S52: =(H52*K52)+0.2 -> 4.720845 | T52: 96 | U52: 4 | V52: =T52/U52 -> 24 | W52: =X52-15 -> 453.20112 | X52: =IF(T52=0,0,S52*T52+15) -> 468.20112 | Y52: =T52*K52 -> 3360
A53: Фольга Frau Küchen У10П-290х35 | B53: В пленке | C53: 11 | D53: 10 | E53: 290 | F53: 25 | G53: =IF(C53=14,13*D53*E53*2.71/1000000,C53*D53*E53*2.71/1000000) -> 0.086449 | H53: =IF(AND(E53=290,F53=25),G53+0.026+0.001,IF(AND(E53=290,F53=33),G53+0.037+0.0013,IF(AND(E53=440,F53=33),G53+0.06+0.0018,IF(AND(E53=280,F53=25),G53+0.026+0.001,IF(AND(E53=280,F53=33),G53+0.037+0.0013))))) -> 0.113449 | I53: 305*32*32 | J53: 350 | K53: 35 | L53: =D53*60/J53 -> 1.7142857 | M53: =L53*K53 -> 60 | N53: =K53*60/M53/K53 -> 1 | O53: =60/L53 -> 35 | P53: =M53+2 -> 62 | Q53: Гофрокороб 228х160х310 Т-23 бур СПФ | R53: =G53*K53 -> 3.025715 | S53: =(H53*K53)+0.2 -> 4.170715 | T53: 96 | U53: 4 | V53: =T53/U53 -> 24 | W53: =X53-15 -> 400.38864 | X53: =IF(T53=0,0,S53*T53+15) -> 415.38864 | Y53: =T53*K53 -> 3360
A54: Фольга BY О10-290х35 | B54: В пленке | C54: 14 | D54: 10 | E54: 290 | F54: 25 | G54: =IF(C54=14,13*D54*E54*2.71/1000000,C54*D54*E54*2.71/1000000) -> 0.102167 | H54: =IF(AND(E54=290,F54=25),G54+0.026+0.001,IF(AND(E54=290,F54=33),G54+0.037+0.0013,IF(AND(E54=440,F54=33),G54+0.06+0.0018,IF(AND(E54=280,F54=25),G54+0.026+0.001,IF(AND(E54=280,F54=33),G54+0.037+0.0013))))) -> 0.129167 | I54: 305*32*32 | J54: 350 | K54: 35 | L54: =D54*60/J54 -> 1.7142857 | M54: =L54*K54 -> 60 | N54: =K54*60/M54/K54 -> 1 | O54: =60/L54 -> 35 | P54: =M54+2 -> 62 | Q54: Гофрокороб 228х160х310 Т-23 бур СПФ | R54: =G54*K54 -> 3.575845 | S54: =(H54*K54)+0.2 -> 4.720845 | T54: 120 | U54: 5 | V54: =T54/U54 -> 24 | W54: =X54-15 -> 566.5014 | X54: =IF(T54=0,0,S54*T54+15) -> 581.5014 | Y54: =T54*K54 -> 4200
A55: Фольга Гриль 10П-290х20 Б/У | B55: Без упаковки | C55: 20 | D55: 10 | E55: 290 | F55: 33 | G55: =IF(C55=14,13*D55*E55*2.71/1000000,C55*D55*E55*2.71/1000000) -> 0.15718 | H55: =IF(AND(E55=290,F55=25),G55+0.026+0.001,IF(AND(E55=290,F55=33),G55+0.037+0.0013,IF(AND(E55=440,F55=33),G55+0.06+0.0018,IF(AND(E55=280,F55=25),G55+0.026+0.001,IF(AND(E55=280,F55=33),G55+0.037+0.0013))))) -> 0.19548 | I55: 305*41*41 | J55: 350 | K55: 20 | L55: =D55*60/J55 -> 1.7142857 | M55: =L55*K55 -> 34.285714 | N55: =K55*60/M55/K55 -> 1.75 | O55: =60/L55 -> 35 | P55: =M55+2 -> 36.285714 | Q55: Гофрокороб 228х160х310 Т-23 бур СПФ | R55: =G55*K55 -> 3.1436 | S55: =(H55*K55)+0.2 -> 4.1096 | T55: 120 | U55: 5 | V55: =T55/U55 -> 24 | W55: =X55-15 -> 493.152 | X55: =IF(T55=0,0,S55*T55+15) -> 508.152 | Y55: =T55*K55 -> 2400
A56: Фольга О9,5-290х35 Б/У | B56: Без упаковки | C56: 14 | D56: 9.5 | E56: 290 | F56: 25 | G56: =IF(C56=14,13*D56*E56*2.71/1000000,C56*D56*E56*2.71/1000000) -> 0.09705865 | H56: =IF(AND(E56=290,F56=25),G56+0.026+0.001,IF(AND(E56=290,F56=33),G56+0.037+0.0013,IF(AND(E56=440,F56=33),G56+0.06+0.0018,IF(AND(E56=280,F56=25),G56+0.026+0.001,IF(AND(E56=280,F56=33),G56+0.037+0.0013))))) -> 0.12405865 | I56: 305*32*32 | J56: 280 | K56: 35 | L56: =D56*60/J56 -> 2.0357143 | M56: =L56*K56 -> 71.25 | N56: =K56*60/M56/K56 -> 0.84210526 | O56: =60/L56 -> 29.473684 | P56: =M56+2 -> 73.25 | Q56: Гофрокороб 228х160х310 Т-23 бур СПФ | R56: =G56*K56 -> 3.3970527 | S56: =(H56*K56)+0.2 -> 4.5420527 | T56: 96 | U56: 4 | V56: =T56/U56 -> 24 | W56: =X56-15 -> 436.03706 | X56: =IF(T56=0,0,S56*T56+15) -> 451.03706 | Y56: =T56*K56 -> 3360
A57: Фольга Премиум 9,5-290х15 Б/У | B57: Без упаковки | C57: 30 | D57: 9.5 | E57: 290 | F57: 33 | G57: =IF(C57=14,13*D57*E57*2.71/1000000,C57*D57*E57*2.71/1000000) -> 0.2239815 | H57: =IF(AND(E57=290,F57=25),G57+0.026+0.001,IF(AND(E57=290,F57=33),G57+0.037+0.0013,IF(AND(E57=440,F57=33),G57+0.06+0.0018,IF(AND(E57=280,F57=25),G57+0.026+0.001,IF(AND(E57=280,F57=33),G57+0.037+0.0013))))) -> 0.2622815 | I57: 305*41*41 | J57: 280 | K57: 15 | L57: =D57*60/J57 -> 2.0357143 | M57: =L57*K57 -> 30.535714 | N57: =K57*60/M57/K57 -> 1.9649123 | O57: =60/L57 -> 29.473684 | P57: =M57+2 -> 32.535714 | Q57: Гофрокороб 228х160х310 Т-23 бур СПФ | R57: =G57*K57 -> 3.3597225 | S57: =(H57*K57)+0.2 -> 4.1342225 | T57: 72 | U57: 3 | V57: =T57/U57 -> 24 | W57: =X57-15 -> 297.66402 | X57: =IF(T57=0,0,S57*T57+15) -> 312.66402 | Y57: =T57*K57 -> 1080
A58: Фольга бытовая У9,5П-290х35, б/у | B58: Без упаковки | C58: 11 | D58: 9.5 | E58: 290 | F58: 25 | G58: =IF(C58=14,13*D58*E58*2.71/1000000,C58*D58*E58*2.71/1000000) -> 0.08212655 | H58: =IF(AND(E58=290,F58=25),G58+0.026+0.001,IF(AND(E58=290,F58=33),G58+0.037+0.0013,IF(AND(E58=440,F58=33),G58+0.06+0.0018,IF(AND(E58=280,F58=25),G58+0.026+0.001,IF(AND(E58=280,F58=33),G58+0.037+0.0013))))) -> 0.10912655 | I58: 305*32*32 | J58: 280 | K58: 35 | L58: =D58*60/J58 -> 2.0357143 | M58: =L58*K58 -> 71.25 | N58: =K58*60/M58/K58 -> 0.84210526 | O58: =60/L58 -> 29.473684 | P58: =M58+2 -> 73.25 | Q58: Гофрокороб 228х160х310 Т-23 бур БПФ | R58: =G58*K58 -> 2.8744293 | S58: =(H58*K58)+0.2 -> 4.0194292 | T58: 96 | U58: 4 | V58: =T58/U58 -> 24 | W58: =X58-15 -> 385.86521 | X58: =IF(T58=0,0,S58*T58+15) -> 400.86521 | Y58: =T58*K58 -> 3360
A59: Фольга Запекание О40П-290х15 | B59: В пленке | C59: 14 | D59: 40 | E59: 290 | F59: 33 | G59: =IF(C59=14,13*D59*E59*2.71/1000000,C59*D59*E59*2.71/1000000) -> 0.408668 | H59: =IF(AND(E59=290,F59=25),G59+0.026+0.001,IF(AND(E59=290,F59=33),G59+0.037+0.0013,IF(AND(E59=440,F59=33),G59+0.06+0.0018,IF(AND(E59=280,F59=25),G59+0.026+0.001,IF(AND(E59=280,F59=33),G59+0.037+0.0013))))) -> 0.446968 | I59: 305*45*45 | J59: 400 | K59: 15 | L59: =D59*60/J59 -> 6 | M59: =L59*K59 -> 90 | N59: =K59*60/M59/K59 -> 0.66666667 | O59: =60/L59 -> 10 | P59: =M59+2 -> 92 | Q59: Гофрокороб 228х160х310 Т-23 бел с черн,Саянская СПФ | R59: =G59*K59 -> 6.13002 | S59: =(H59*K59)+0.2 -> 6.90452 | T59: 72 | U59: 3 | V59: =T59/U59 -> 24 | W59: =X59-15 -> 497.12544 | X59: =IF(T59=0,0,S59*T59+15) -> 512.12544 | Y59: =T59*K59 -> 1080
A60: Фольга бытовая Добрый день С10П-290х35 | B60: В пленке | C60: 9 | D60: 10 | E60: 290 | F60: 25 | G60: =IF(C60=14,13*D60*E60*2.71/1000000,C60*D60*E60*2.71/1000000) -> 0.070731 | H60: =IF(AND(E60=290,F60=25),G60+0.026+0.001,IF(AND(E60=290,F60=33),G60+0.037+0.0013,IF(AND(E60=440,F60=33),G60+0.06+0.0018,IF(AND(E60=280,F60=25),G60+0.026+0.001,IF(AND(E60=280,F60=33),G60+0.037+0.0013))))) -> 0.097731 | I60: 305*32*32 | J60: 350 | K60: 35 | L60: =D60*60/J60 -> 1.7142857 | M60: =L60*K60 -> 60 | N60: =K60*60/M60/K60 -> 1 | O60: =60/L60 -> 35 | P60: =M60+2 -> 62 | Q60: Гофрокороб 228х160х310 Т-23 бур,СПФ | R60: =G60*K60 -> 2.475585 | S60: =(H60*K60)+0.2 -> 3.620585 | T60: 120 | U60: 5 | V60: 24 | W60: =X60-15 -> 434.4702 | X60: =IF(T60=0,0,S60*T60+15) -> 449.4702 | Y60: =T60*K60 -> 4200
A61: Фольга бытовая Самбери О10П-290х33 | B61: В пленке | C61: 16 | D61: 10 | E61: 290 | F61: 25 | G61: =IF(C61=14,13*D61*E61*2.71/1000000,C61*D61*E61*2.71/1000000) -> 0.125744 | H61: =IF(AND(E61=290,F61=25),G61+0.026+0.001,IF(AND(E61=290,F61=33),G61+0.037+0.0013,IF(AND(E61=440,F61=33),G61+0.06+0.0018,IF(AND(E61=280,F61=25),G61+0.026+0.001,IF(AND(E61=280,F61=33),G61+0.037+0.0013))))) -> 0.152744 | I61: 305*41*41 | J61: 350 | K61: 33 | L61: =D61*60/J61 -> 1.7142857 | M61: =L61*K61 -> 56.571429 | N61: =K61*60/M61/K61 -> 1.0606061 | O61: =60/L61 -> 35 | P61: =M61+2 -> 58.571429 | Q61: Гофрокороб 228х160х310 Т-23 бур СПФ | R61: =G61*K61 -> 4.149552 | S61: =(H61*K61)+0.2 -> 5.240552 | T61: 96 | U61: 4 | V61: =T61/U61 -> 24 | W61: =X61-15 -> 503.09299 | X61: =IF(T61=0,0,S61*T61+15) -> 518.09299 | Y61: =T61*K61 -> 3168
A62: Фольга С100-9-300 х12 | B62: В пленке | C62: 9 | D62: 100 | E62: 290 | F62: 33 | G62: =IF(C62=14,13*D62*E62*2.71/1000000,C62*D62*E62*2.71/1000000) -> 0.70731 | H62: =IF(AND(E62=290,F62=25),G62+0.026+0.001,IF(AND(E62=290,F62=33),G62+0.037+0.0013,IF(AND(E62=440,F62=33),G62+0.06+0.0018,IF(AND(E62=280,F62=25),G62+0.026+0.001,IF(AND(E62=280,F62=33),G62+0.037+0.0013))))) -> 0.74561 | I62: 305*55*55 | J62: 400 | K62: 12 | L62: =D62*60/J62 -> 15 | M62: =L62*K62 -> 180 | N62: =K62*60/M62/K62 -> 0.33333333 | O62: =60/L62 -> 4 | P62: =M62+2 -> 182 | Q62: Гофрокороб 228х160х310 Т-23 бел с красн,Саянская,СПФ | R62: =G62*K62 -> 8.48772 | S62: =(H62*K62)+0.2 -> 9.14732 | T62: 72 | U62: 3 | V62: =T62/U62 -> 24 | W62: =X62-15 -> 658.60704 | X62: =IF(T62=0,0,S62*T62+15) -> 673.60704 | Y62: =T62*K62 -> 864
A63: Фольга бытовая Гриль 50П-290 х 12 упак б/печ | B63: В пленке | C63: 20 | D63: 50 | E63: 290 | F63: 33 | G63: =IF(C63=14,13*D63*E63*2.71/1000000,C63*D63*E63*2.71/1000000) -> 0.7859 | H63: =IF(AND(E63=290,F63=25),G63+0.026+0.001,IF(AND(E63=290,F63=33),G63+0.037+0.0013,IF(AND(E63=440,F63=33),G63+0.06+0.0018,IF(AND(E63=280,F63=25),G63+0.026+0.001,IF(AND(E63=280,F63=33),G63+0.037+0.0013))))) -> 0.8242 | I63: 305*47*47 | J63: 400 | K63: 12 | L63: =D63*60/J63 -> 7.5 | M63: =L63*K63 -> 90 | N63: =K63*60/M63/K63 -> 0.66666667 | O63: =60/L63 -> 8 | P63: =M63+2 -> 92 | Q63: Гофрокороб 228х160х310 Т-23 бур СПФ | R63: =G63*K63 -> 9.4308 | S63: =(H63*K63)+0.2 -> 10.0904 | T63: 72 | U63: 3 | V63: =T63/U63 -> 24 | W63: =X63-15 -> 726.5088 | X63: =IF(T63=0,0,S63*T63+15) -> 741.5088 | Y63: =T63*K63 -> 864
A64: Фольга бытовая 20П-30-290 х 12 упак б/печ | B64: В пленке | C64: 30 | D64: 20 | E64: 290 | F64: 33 | G64: =IF(C64=14,13*D64*E64*2.71/1000000,C64*D64*E64*2.71/1000000) -> 0.47154 | H64: =IF(AND(E64=290,F64=25),G64+0.026+0.001,IF(AND(E64=290,F64=33),G64+0.037+0.0013,IF(AND(E64=440,F64=33),G64+0.06+0.0018,IF(AND(E64=280,F64=25),G64+0.026+0.001,IF(AND(E64=280,F64=33),G64+0.037+0.0013))))) -> 0.50984 | I64: 305*47*47 | J64: 400 | K64: 12 | L64: =D64*60/J64 -> 3 | M64: =L64*K64 -> 36 | N64: =K64*60/M64/K64 -> 1.6666667 | O64: =60/L64 -> 20 | P64: =M64+2 -> 38 | Q64: Гофрокороб 228х160х310 Т-23 бур СПФ | R64: =G64*K64 -> 5.65848 | S64: =(H64*K64)+0.2 -> 6.31808 | T64: 72 | U64: 3 | V64: =T64/U64 -> 24 | W64: =X64-15 -> 454.90176 | X64: =IF(T64=0,0,S64*T64+15) -> 469.90176 | Y64: =T64*K64 -> 864
A65: Фольга бытовая О100П-290х11 б/печ | B65: В пленке | C65: 14 | D65: 100 | E65: 290 | F65: 33 | G65: =IF(C65=14,13*D65*E65*2.71/1000000,C65*D65*E65*2.71/1000000) -> 1.02167 | H65: =IF(AND(E65=290,F65=25),G65+0.026+0.001,IF(AND(E65=290,F65=33),G65+0.037+0.0013,IF(AND(E65=440,F65=33),G65+0.06+0.0018,IF(AND(E65=280,F65=25),G65+0.026+0.001,IF(AND(E65=280,F65=33),G65+0.037+0.0013))))) -> 1.05997 | I65: 305*55*55 | J65: 400 | K65: 11 | L65: =D65*60/J65 -> 15 | M65: =L65*K65 -> 165 | N65: =K65*60/M65/K65 -> 0.36363636 | O65: =60/L65 -> 4 | P65: =M65+2 -> 167 | Q65: Гофрокороб 228х160х310 Т-23 бур БПФ | R65: =G65*K65 -> 11.23837 | S65: =(H65*K65)+0.2 -> 11.85967 | T65: 72 | U65: 3 | V65: 24 | W65: =X65-15 -> 853.89624 | X65: =IF(T65=0,0,S65*T65+15) -> 868.89624 | Y65: =T65*K65 -> 792
A66: Фольга бытовая СТ50П-290х15 б/печ | B66: В пленке | C66: 8 | D66: 50 | E66: 290 | F66: 33 | G66: =IF(C66=14,13*D66*E66*2.71/1000000,C66*D66*E66*2.71/1000000) -> 0.31436 | H66: =IF(AND(E66=290,F66=25),G66+0.026+0.001,IF(AND(E66=290,F66=33),G66+0.037+0.0013,IF(AND(E66=440,F66=33),G66+0.06+0.0018,IF(AND(E66=280,F66=25),G66+0.026+0.001,IF(AND(E66=280,F66=33),G66+0.037+0.0013))))) -> 0.35266 | I66: 305*47*47 | J66: 400 | K66: 15 | L66: =D66*60/J66 -> 7.5 | M66: =L66*K66 -> 112.5 | N66: =K66*60/M66/K66 -> 0.53333333 | O66: =60/L66 -> 8 | P66: =M66+2 -> 114.5 | Q66: Гофрокороб 228х160х310 Т-23 бур БПФ | R66: =G66*K66 -> 4.7154 | S66: =(H66*K66)+0.2 -> 5.4899 | T66: 72 | U66: 3 | V66: 24 | W66: =X66-15 -> 395.2728 | X66: =IF(T66=0,0,S66*T66+15) -> 410.2728 | Y66: =T66*K66 -> 1080
A67: Фольга У80-11-300 х12 | B67: В пленке | C67: 11 | D67: 80 | E67: 290 | F67: 33 | G67: =IF(C67=14,13*D67*E67*2.71/1000000,C67*D67*E67*2.71/1000000) -> 0.691592 | H67: =IF(AND(E67=290,F67=25),G67+0.026+0.001,IF(AND(E67=290,F67=33),G67+0.037+0.0013,IF(AND(E67=440,F67=33),G67+0.06+0.0018,IF(AND(E67=280,F67=25),G67+0.026+0.001,IF(AND(E67=280,F67=33),G67+0.037+0.0013))))) -> 0.729892 | I67: 305*50*50 | J67: 400 | K67: 12 | L67: =D67*60/J67 -> 12 | M67: =L67*K67 -> 144 | N67: =K67*60/M67/K67 -> 0.41666667 | O67: =60/L67 -> 5 | P67: =M67+2 -> 146 | Q67: Гофрокороб 228х160х310 Т-23 бел с красн,Саянская,СПФ | R67: =G67*K67 -> 8.299104 | S67: =(H67*K67)+0.2 -> 8.958704 | T67: 72 | U67: 3 | V67: =T67/U67 -> 24 | W67: =X67-15 -> 645.02669 | X67: =IF(T67=0,0,S67*T67+15) -> 660.02669 | Y67: =T67*K67 -> 864
A68: Фольга бытовая О75П-290х12 упак б/печ | B68: В пленке | C68: 14 | D68: 75 | E68: 290 | F68: 33 | G68: =IF(C68=14,13*D68*E68*2.71/1000000,C68*D68*E68*2.71/1000000) -> 0.7662525 | H68: =IF(AND(E68=290,F68=25),G68+0.026+0.001,IF(AND(E68=290,F68=33),G68+0.037+0.0013,IF(AND(E68=440,F68=33),G68+0.06+0.0018,IF(AND(E68=280,F68=25),G68+0.026+0.001,IF(AND(E68=280,F68=33),G68+0.037+0.0013))))) -> 0.8045525 | I68: 305*50*50 | J68: 400 | K68: 12 | L68: =D68*60/J68 -> 11.25 | M68: =L68*K68 -> 135 | N68: =K68*60/M68/K68 -> 0.44444444 | O68: =60/L68 -> 5.3333333 | P68: =M68+2 -> 137 | Q68: Гофрокороб 228х160х310 Т-23 бур БПФ | R68: =G68*K68 -> 9.19503 | S68: =(H68*K68)+0.2 -> 9.85463 | T68: 72 | U68: 3 | V68: =T68/U68 -> 24 | W68: =X68-15 -> 709.53336 | X68: =IF(T68=0,0,S68*T68+15) -> 724.53336 | Y68: =T68*K68 -> 864
A69: Фольга бытовая О41П-290х15 упак б/печ | B69: В пленке | C69: 14 | D69: 41 | E69: 290 | F69: 33 | G69: =IF(C69=14,13*D69*E69*2.71/1000000,C69*D69*E69*2.71/1000000) -> 0.4188847 | H69: =IF(AND(E69=290,F69=25),G69+0.026+0.001,IF(AND(E69=290,F69=33),G69+0.037+0.0013,IF(AND(E69=440,F69=33),G69+0.06+0.0018,IF(AND(E69=280,F69=25),G69+0.026+0.001,IF(AND(E69=280,F69=33),G69+0.037+0.0013))))) -> 0.4571847 | I69: 305*45*45 | J69: 400 | K69: 15 | L69: =D69*60/J69 -> 6.15 | M69: =L69*K69 -> 92.25 | N69: =K69*60/M69/K69 -> 0.6504065 | O69: =60/L69 -> 9.7560976 | P69: =M69+2 -> 94.25 | Q69: Гофрокороб 228х160х310 Т-23 бур БПФ | R69: =G69*K69 -> 6.2832705 | S69: =(H69*K69)+0.2 -> 7.0577705 | T69: 72 | U69: 3 | V69: =T69/U69 -> 24 | W69: =X69-15 -> 508.15948 | X69: =IF(T69=0,0,S69*T69+15) -> 523.15948 | Y69: =T69*K69 -> 1080
A70: Фольга бытовая 14П-30-290х15 упак б/печ | B70: В пленке | C70: 30 | D70: 14 | E70: 290 | F70: 33 | G70: =IF(C70=14,13*D70*E70*2.71/1000000,C70*D70*E70*2.71/1000000) -> 0.330078 | H70: =IF(AND(E70=290,F70=25),G70+0.026+0.001,IF(AND(E70=290,F70=33),G70+0.037+0.0013,IF(AND(E70=440,F70=33),G70+0.06+0.0018,IF(AND(E70=280,F70=25),G70+0.026+0.001,IF(AND(E70=280,F70=33),G70+0.037+0.0013))))) -> 0.368378 | I70: 305*47*47 | J70: 350 | K70: 15 | L70: =D70*60/J70 -> 2.4 | M70: =L70*K70 -> 36 | N70: =K70*60/M70/K70 -> 1.6666667 | O70: =60/L70 -> 25 | P70: =M70+2 -> 38 | Q70: Гофрокороб 228х160х310 Т-23 бур СПФ | R70: =G70*K70 -> 4.95117 | S70: =(H70*K70)+0.2 -> 5.72567 | T70: 120 | U70: 5 | V70: 24 | W70: =X70-15 -> 687.0804 | X70: =IF(T70=0,0,S70*T70+15) -> 702.0804 | Y70: =T70*K70 -> 1800
A71: Фольга бытовая У25П-290х15 упак б/печ | B71: В пленке | C71: 11 | D71: 25 | E71: 290 | F71: 33 | G71: =IF(C71=14,13*D71*E71*2.71/1000000,C71*D71*E71*2.71/1000000) -> 0.2161225 | H71: =IF(AND(E71=290,F71=25),G71+0.026+0.001,IF(AND(E71=290,F71=33),G71+0.037+0.0013,IF(AND(E71=440,F71=33),G71+0.06+0.0018,IF(AND(E71=280,F71=25),G71+0.026+0.001,IF(AND(E71=280,F71=33),G71+0.037+0.0013))))) -> 0.2544225 | I71: 305*42*42 | J71: 400 | K71: 15 | L71: =D71*60/J71 -> 3.75 | M71: =L71*K71 -> 56.25 | N71: =K71*60/M71/K71 -> 1.0666667 | O71: =60/L71 -> 16 | P71: =M71+2 -> 58.25 | Q71: Гофрокороб 228х160х310 Т-23 бур СПФ | R71: =G71*K71 -> 3.2418375 | S71: =(H71*K71)+0.2 -> 4.0163375 | T71: 120 | U71: 5 | V71: 24 | W71: =X71-15 -> 481.9605 | X71: =IF(T71=0,0,S71*T71+15) -> 496.9605 | Y71: =T71*K71 -> 1800
A72: Фольга бытовая Гриль 20П-290х 15 упак б/печ | B72: В пленке | C72: 20 | D72: 20 | E72: 290 | F72: 33 | G72: =IF(C72=14,13*D72*E72*2.71/1000000,C72*D72*E72*2.71/1000000) -> 0.31436 | H72: =IF(AND(E72=290,F72=25),G72+0.026+0.001,IF(AND(E72=290,F72=33),G72+0.037+0.0013,IF(AND(E72=440,F72=33),G72+0.06+0.0018,IF(AND(E72=280,F72=25),G72+0.026+0.001,IF(AND(E72=280,F72=33),G72+0.037+0.0013))))) -> 0.35266 | I72: 305*42*42 | J72: 400 | K72: 15 | L72: =D72*60/J72 -> 3 | M72: =L72*K72 -> 45 | N72: =K72*60/M72/K72 -> 1.3333333 | O72: =60/L72 -> 20 | P72: =M72+2 -> 47 | Q72: Гофрокороб 228х160х310 Т-23 бур СПФ | R72: =G72*K72 -> 4.7154 | S72: =(H72*K72)+0.2 -> 5.4899 | T72: 120 | U72: 5 | V72: 24 | W72: =X72-15 -> 658.788 | X72: =IF(T72=0,0,S72*T72+15) -> 673.788 | Y72: =T72*K72 -> 1800
A73: Фольга бытовая Гриль 39П-290х12 упак б/печ | B73: В пленке | C73: 20 | D73: 39 | E73: 290 | F73: 33 | G73: =IF(C73=14,13*D73*E73*2.71/1000000,C73*D73*E73*2.71/1000000) -> 0.613002 | H73: =IF(AND(E73=290,F73=25),G73+0.026+0.001,IF(AND(E73=290,F73=33),G73+0.037+0.0013,IF(AND(E73=440,F73=33),G73+0.06+0.0018,IF(AND(E73=280,F73=25),G73+0.026+0.001,IF(AND(E73=280,F73=33),G73+0.037+0.0013))))) -> 0.651302 | I73: 305*47*47 | J73: 400 | K73: 12 | L73: =D73*60/J73 -> 5.85 | M73: =L73*K73 -> 70.2 | N73: =K73*60/M73/K73 -> 0.85470085 | O73: =60/L73 -> 10.25641 | P73: =M73+2 -> 72.2 | Q73: Гофрокороб 228х160х310 Т-23 бур СПФ | R73: =G73*K73 -> 7.356024 | S73: =(H73*K73)+0.2 -> 8.015624 | T73: 96 | U73: 4 | V73: 24 | W73: =X73-15 -> 769.4999 | X73: =IF(T73=0,0,S73*T73+15) -> 784.4999 | Y73: =T73*K73 -> 1152
A74: Фольга бытовая Гриль 70П-290х10 упак б/печ | B74: В пленке | C74: 20 | D74: 70 | E74: 290 | F74: 33 | G74: =IF(C74=14,13*D74*E74*2.71/1000000,C74*D74*E74*2.71/1000000) -> 1.10026 | H74: =IF(AND(E74=290,F74=25),G74+0.026+0.001,IF(AND(E74=290,F74=33),G74+0.037+0.0013,IF(AND(E74=440,F74=33),G74+0.06+0.0018,IF(AND(E74=280,F74=25),G74+0.026+0.001,IF(AND(E74=280,F74=33),G74+0.037+0.0013))))) -> 1.13856 | I74: 305*50*50 | J74: 400 | K74: 10 | L74: =D74*60/J74 -> 10.5 | M74: =L74*K74 -> 105 | N74: =K74*60/M74/K74 -> 0.57142857 | O74: =60/L74 -> 5.7142857 | P74: =M74+2 -> 107 | Q74: Гофрокороб 228х160х310 Т-23 бур СПФ | R74: =G74*K74 -> 11.0026 | S74: =(H74*K74)+0.2 -> 11.5856 | T74: 72 | U74: 3 | V74: 24 | W74: =X74-15 -> 834.1632 | X74: =IF(T74=0,0,S74*T74+15) -> 849.1632 | Y74: =T74*K74 -> 720
A75: Фольга бытовая 39П-30-290х12 упак б/печ | B75: В пленке | C75: 30 | D75: 39 | E75: 290 | F75: 33 | G75: =IF(C75=14,13*D75*E75*2.71/1000000,C75*D75*E75*2.71/1000000) -> 0.919503 | H75: =IF(AND(E75=290,F75=25),G75+0.026+0.001,IF(AND(E75=290,F75=33),G75+0.037+0.0013,IF(AND(E75=440,F75=33),G75+0.06+0.0018,IF(AND(E75=280,F75=25),G75+0.026+0.001,IF(AND(E75=280,F75=33),G75+0.037+0.0013))))) -> 0.957803 | I75: 305*47*47 | J75: 400 | K75: 12 | L75: =D75*60/J75 -> 5.85 | M75: =L75*K75 -> 70.2 | N75: =K75*60/M75/K75 -> 0.85470085 | O75: =60/L75 -> 10.25641 | P75: =M75+2 -> 72.2 | Q75: Гофрокороб 228х160х310 Т-23 бур СПФ | R75: =G75*K75 -> 11.034036 | S75: =(H75*K75)+0.2 -> 11.693636 | T75: 72 | U75: 3 | V75: 24 | W75: =X75-15 -> 841.94179 | X75: =IF(T75=0,0,S75*T75+15) -> 856.94179 | Y75: =T75*K75 -> 864
A76: Фольга бытовая У23П-290х 28 упак б/печ | B76: В пленке | C76: 11 | D76: 23 | E76: 290 | F76: 25 | G76: =IF(C76=14,13*D76*E76*2.71/1000000,C76*D76*E76*2.71/1000000) -> 0.1988327 | H76: =IF(AND(E76=290,F76=25),G76+0.026+0.001,IF(AND(E76=290,F76=33),G76+0.037+0.0013,IF(AND(E76=440,F76=33),G76+0.06+0.0018,IF(AND(E76=280,F76=25),G76+0.026+0.001,IF(AND(E76=280,F76=33),G76+0.037+0.0013))))) -> 0.2258327 | I76: 305*35*35 | J76: 400 | K76: 28 | L76: =D76*60/J76 -> 3.45 | M76: =L76*K76 -> 96.6 | N76: =K76*60/M76/K76 -> 0.62111801 | O76: =60/L76 -> 17.391304 | P76: =M76+2 -> 98.6 | Q76: Гофрокороб 228х160х310 Т-23 бур СПФ | R76: =G76*K76 -> 5.5673156 | S76: =(H76*K76)+0.2 -> 6.5233156 | T76: 120 | U76: 5 | V76: 24 | W76: =X76-15 -> 782.79787 | X76: =IF(T76=0,0,S76*T76+15) -> 797.79787 | Y76: =T76*K76 -> 3360
A77: Фольга бытовая Гриль 8П-290х 20 упак б/печ | B77: В пленке | C77: 20 | D77: 8 | E77: 290 | F77: 33 | G77: =IF(C77=14,13*D77*E77*2.71/1000000,C77*D77*E77*2.71/1000000) -> 0.125744 | H77: =IF(AND(E77=290,F77=25),G77+0.026+0.001,IF(AND(E77=290,F77=33),G77+0.037+0.0013,IF(AND(E77=440,F77=33),G77+0.06+0.0018,IF(AND(E77=280,F77=25),G77+0.026+0.001,IF(AND(E77=280,F77=33),G77+0.037+0.0013))))) -> 0.164044 | I77: 305*41*41 | J77: 280 | K77: 20 | L77: =D77*60/J77 -> 1.7142857 | M77: =L77*K77 -> 34.285714 | N77: =K77*60/M77/K77 -> 1.75 | O77: =60/L77 -> 35 | P77: =M77+2 -> 36.285714 | Q77: Гофрокороб 228х160х310 Т-23 бур СПФ | R77: =G77*K77 -> 2.51488 | S77: =(H77*K77)+0.2 -> 3.48088 | T77: 120 | U77: 5 | V77: 24 | W77: =X77-15 -> 417.7056 | X77: =IF(T77=0,0,S77*T77+15) -> 432.7056 | Y77: =T77*K77 -> 2400
A78: Фольга У100-11-300 х12 | B78: В пленке | C78: 11 | D78: 100 | E78: 290 | F78: 33 | G78: =IF(C78=14,13*D78*E78*2.71/1000000,C78*D78*E78*2.71/1000000) -> 0.86449 | H78: =IF(AND(E78=290,F78=25),G78+0.026+0.001,IF(AND(E78=290,F78=33),G78+0.037+0.0013,IF(AND(E78=440,F78=33),G78+0.06+0.0018,IF(AND(E78=280,F78=25),G78+0.026+0.001,IF(AND(E78=280,F78=33),G78+0.037+0.0013))))) -> 0.90279 | I78: 305*55*55 | J78: 400 | K78: 12 | L78: =D78*60/J78 -> 15 | M78: =L78*K78 -> 180 | N78: =K78*60/M78/K78 -> 0.33333333 | O78: =60/L78 -> 4 | P78: =M78+2 -> 182 | Q78: Гофрокороб 228х160х310 Т-23 бел с красн,Саянская,СПФ | R78: =G78*K78 -> 10.37388 | S78: =(H78*K78)+0.2 -> 11.03348 | T78: 72 | U78: 3 | V78: =T78/U78 -> 24 | W78: =X78-15 -> 794.41056 | X78: =IF(T78=0,0,S78*T78+15) -> 809.41056 | Y78: =T78*K78 -> 864
A79: Фольга бытовая Т100П-290х12 упак б/печ | B79: В пленке | C79: 7 | D79: 100 | E79: 290 | F79: 33 | G79: =IF(C79=14,13*D79*E79*2.71/1000000,C79*D79*E79*2.71/1000000) -> 0.55013 | H79: =IF(AND(E79=290,F79=25),G79+0.026+0.001,IF(AND(E79=290,F79=33),G79+0.037+0.0013,IF(AND(E79=440,F79=33),G79+0.06+0.0018,IF(AND(E79=280,F79=25),G79+0.026+0.001,IF(AND(E79=280,F79=33),G79+0.037+0.0013))))) -> 0.58843 | I79: 305*55*55 | J79: 400 | K79: 12 | L79: =D79*60/J79 -> 15 | M79: =L79*K79 -> 180 | N79: =K79*60/M79/K79 -> 0.33333333 | O79: =60/L79 -> 4 | P79: =M79+2 -> 182 | Q79: Гофрокороб 228х160х310 Т-23 бур БПФ | R79: =G79*K79 -> 6.60156 | S79: =(H79*K79)+0.2 -> 7.26116 | T79: 72 | U79: 3 | V79: =T79/U79 -> 24 | W79: =X79-15 -> 522.80352 | X79: =IF(T79=0,0,S79*T79+15) -> 537.80352 | Y79: =T79*K79 -> 864
A80: Фольга С80-9-300х12 б/у | B80: Без упаковки | C80: 9 | D80: 80 | E80: 290 | F80: 33 | G80: =IF(C80=14,13*D80*E80*2.71/1000000,C80*D80*E80*2.71/1000000) -> 0.565848 | H80: =IF(AND(E80=290,F80=25),G80+0.026+0.001,IF(AND(E80=290,F80=33),G80+0.037+0.0013,IF(AND(E80=440,F80=33),G80+0.06+0.0018,IF(AND(E80=280,F80=25),G80+0.026+0.001,IF(AND(E80=280,F80=33),G80+0.037+0.0013))))) -> 0.604148 | I80: 305*50*50 | J80: 400 | K80: 12 | L80: =D80*60/J80 -> 12 | M80: =L80*K80 -> 144 | N80: =K80*60/M80/K80 -> 0.41666667 | O80: =60/L80 -> 5 | P80: =M80+2 -> 146 | Q80: Гофрокороб 228х160х310 Т-23 бур БПФ | R80: =G80*K80 -> 6.790176 | S80: =(H80*K80)+0.2 -> 7.449776 | T80: 72 | U80: 3 | V80: =T80/U80 -> 24 | W80: =X80-15 -> 536.38387 | X80: =IF(T80=0,0,S80*T80+15) -> 551.38387 | Y80: =T80*K80 -> 864
A81: Фольга 290 "11C" | B81: В пленке | C81: 11 | D81: 60 | E81: 290 | F81: 33 | G81: =IF(C81=14,13*D81*E81*2.71/1000000,C81*D81*E81*2.71/1000000) -> 0.518694 | H81: =IF(AND(E81=290,F81=25),G81+0.026+0.001,IF(AND(E81=290,F81=33),G81+0.037+0.0013,IF(AND(E81=440,F81=33),G81+0.06+0.0018,IF(AND(E81=280,F81=25),G81+0.026+0.001,IF(AND(E81=280,F81=33),G81+0.037+0.0013))))) -> 0.556994 | I81: 305*50*50 | J81: 400 | K81: 12 | L81: =D81*60/J81 -> 9 | M81: =L81*K81 -> 108 | N81: =K81*60/M81/K81 -> 0.55555556 | O81: =60/L81 -> 6.6666667 | P81: =M81+2 -> 110 | Q81: Гофрокороб 228х160х310 Т-23 бур БПФ | R81: =G81*K81 -> 6.224328 | S81: =(H81*K81)+0.2 -> 6.883928 | T81: 72 | U81: 3 | V81: =T81/U81 -> 24 | W81: =X81-15 -> 495.64282 | X81: =IF(T81=0,0,S81*T81+15) -> 510.64282 | Y81: =T81*K81 -> 864
A82: Фольга 290 "9E" | B82: В пленке | C82: 9 | D82: 50 | E82: 290 | F82: 33 | G82: =IF(C82=14,13*D82*E82*2.71/1000000,C82*D82*E82*2.71/1000000) -> 0.353655 | H82: =IF(AND(E82=290,F82=25),G82+0.026+0.001,IF(AND(E82=290,F82=33),G82+0.037+0.0013,IF(AND(E82=440,F82=33),G82+0.06+0.0018,IF(AND(E82=280,F82=25),G82+0.026+0.001,IF(AND(E82=280,F82=33),G82+0.037+0.0013))))) -> 0.391955 | I82: 305*47*47 | J82: 400 | K82: 15 | L82: =D82*60/J82 -> 7.5 | M82: =L82*K82 -> 112.5 | N82: =K82*60/M82/K82 -> 0.53333333 | O82: =60/L82 -> 8 | P82: =M82+2 -> 114.5 | Q82: Гофрокороб 228х160х310 Т-23 бур БПФ | R82: =G82*K82 -> 5.304825 | S82: =(H82*K82)+0.2 -> 6.079325 | T82: 72 | U82: 3 | V82: =T82/U82 -> 24 | W82: =X82-15 -> 437.7114 | X82: =IF(T82=0,0,S82*T82+15) -> 452.7114 | Y82: =T82*K82 -> 1080
A83: Фольга 290 "9F" | B83: В пленке | C83: 9 | D83: 40 | E83: 290 | F83: 33 | G83: =IF(C83=14,13*D83*E83*2.71/1000000,C83*D83*E83*2.71/1000000) -> 0.282924 | H83: =IF(AND(E83=290,F83=25),G83+0.026+0.001,IF(AND(E83=290,F83=33),G83+0.037+0.0013,IF(AND(E83=440,F83=33),G83+0.06+0.0018,IF(AND(E83=280,F83=25),G83+0.026+0.001,IF(AND(E83=280,F83=33),G83+0.037+0.0013))))) -> 0.321224 | I83: 305*45*45 | J83: 400 | K83: 15 | L83: =D83*60/J83 -> 6 | M83: =L83*K83 -> 90 | N83: =K83*60/M83/K83 -> 0.66666667 | O83: =60/L83 -> 10 | P83: =M83+2 -> 92 | Q83: Гофрокороб 228х160х310 Т-23 бур БПФ | R83: =G83*K83 -> 4.24386 | S83: =(H83*K83)+0.2 -> 5.01836 | T83: 72 | U83: 3 | V83: =T83/U83 -> 24 | W83: =X83-15 -> 361.32192 | X83: =IF(T83=0,0,S83*T83+15) -> 376.32192 | Y83: =T83*K83 -> 1080
A84: Фольга бытовая C45-290х15 б/у | B84: Без упаковки | C84: 9 | D84: 45 | E84: 290 | F84: 33 | G84: =IF(C84=14,13*D84*E84*2.71/1000000,C84*D84*E84*2.71/1000000) -> 0.3182895 | H84: =IF(AND(E84=290,F84=25),G84+0.026+0.001,IF(AND(E84=290,F84=33),G84+0.037+0.0013,IF(AND(E84=440,F84=33),G84+0.06+0.0018,IF(AND(E84=280,F84=25),G84+0.026+0.001,IF(AND(E84=280,F84=33),G84+0.037+0.0013))))) -> 0.3565895 | I84: 305*45*45 | J84: 400 | K84: 15 | L84: =D84*60/J84 -> 6.75 | M84: =L84*K84 -> 101.25 | N84: =K84*60/M84/K84 -> 0.59259259 | O84: =60/L84 -> 8.8888889 | P84: =M84+2 -> 103.25 | Q84: Гофрокороб 228х160х310 Т-23 бур БПФ | R84: =G84*K84 -> 4.7743425 | S84: =(H84*K84)+0.2 -> 5.5488425 | T84: 72 | U84: 3 | V84: =T84/U84 -> 24 | W84: =X84-15 -> 399.51666 | X84: =IF(T84=0,0,S84*T84+15) -> 414.51666 | Y84: =T84*K84 -> 1080
A85: Фольга бытовая С110-290х12 б/у | B85: Без упаковки | C85: 9 | D85: 110 | E85: 290 | F85: 33 | G85: =IF(C85=14,13*D85*E85*2.71/1000000,C85*D85*E85*2.71/1000000) -> 0.778041 | H85: =IF(AND(E85=290,F85=25),G85+0.026+0.001,IF(AND(E85=290,F85=33),G85+0.037+0.0013,IF(AND(E85=440,F85=33),G85+0.06+0.0018,IF(AND(E85=280,F85=25),G85+0.026+0.001,IF(AND(E85=280,F85=33),G85+0.037+0.0013))))) -> 0.816341 | I85: 305*55*55 | J85: 400 | K85: 12 | L85: =D85*60/J85 -> 16.5 | M85: =L85*K85 -> 198 | N85: =K85*60/M85/K85 -> 0.3030303 | O85: =60/L85 -> 3.6363636 | P85: =M85+2 -> 200 | Q85: Гофрокороб 228х160х310 Т-23 бур БПФ | R85: =G85*K85 -> 9.336492 | S85: =(H85*K85)+0.2 -> 9.996092 | T85: 72 | U85: 3 | V85: =T85/U85 -> 24 | W85: =X85-15 -> 719.71862 | X85: =IF(T85=0,0,S85*T85+15) -> 734.71862 | Y85: =T85*K85 -> 864
A86: Фольга бытовая С37-290х15 б/у | B86: Без упаковки | C86: 9 | D86: 37 | E86: 290 | F86: 33 | G86: =IF(C86=14,13*D86*E86*2.71/1000000,C86*D86*E86*2.71/1000000) -> 0.2617047 | H86: =IF(AND(E86=290,F86=25),G86+0.026+0.001,IF(AND(E86=290,F86=33),G86+0.037+0.0013,IF(AND(E86=440,F86=33),G86+0.06+0.0018,IF(AND(E86=280,F86=25),G86+0.026+0.001,IF(AND(E86=280,F86=33),G86+0.037+0.0013))))) -> 0.3000047 | I86: 305*45*45 | J86: 400 | K86: 15 | L86: =D86*60/J86 -> 5.55 | M86: =L86*K86 -> 83.25 | N86: =K86*60/M86/K86 -> 0.72072072 | O86: =60/L86 -> 10.810811 | P86: =M86+2 -> 85.25 | Q86: Гофрокороб 228х160х310 Т-23 бур СПФ | R86: =G86*K86 -> 3.9255705 | S86: =(H86*K86)+0.2 -> 4.7000705 | T86: 72 | U86: 3 | V86: =T86/U86 -> 24 | W86: =X86-15 -> 338.40508 | X86: =IF(T86=0,0,S86*T86+15) -> 353.40508 | Y86: =T86*K86 -> 1080
A87: Фольга бытовая С55-290х15 б/у | B87: Без упаковки | C87: 9 | D87: 55 | E87: 290 | F87: 33 | G87: =IF(C87=14,13*D87*E87*2.71/1000000,C87*D87*E87*2.71/1000000) -> 0.3890205 | H87: =IF(AND(E87=290,F87=25),G87+0.026+0.001,IF(AND(E87=290,F87=33),G87+0.037+0.0013,IF(AND(E87=440,F87=33),G87+0.06+0.0018,IF(AND(E87=280,F87=25),G87+0.026+0.001,IF(AND(E87=280,F87=33),G87+0.037+0.0013))))) -> 0.4273205 | I87: 305*47*47 | J87: 400 | K87: 15 | L87: =D87*60/J87 -> 8.25 | M87: =L87*K87 -> 123.75 | N87: =K87*60/M87/K87 -> 0.48484848 | O87: =60/L87 -> 7.2727273 | P87: =M87+2 -> 125.75 | Q87: Гофрокороб 228х160х310 Т-23 бур СПФ | R87: =G87*K87 -> 5.8353075 | S87: =(H87*K87)+0.2 -> 6.6098075 | T87: 72 | U87: 3 | V87: =T87/U87 -> 24 | W87: =X87-15 -> 475.90614 | X87: =IF(T87=0,0,S87*T87+15) -> 490.90614 | Y87: =T87*K87 -> 1080
A88: Фольга бытовая С60-290х12 б/у | B88: Без упаковки | C88: 9 | D88: 60 | E88: 290 | F88: 33 | G88: =IF(C88=14,13*D88*E88*2.71/1000000,C88*D88*E88*2.71/1000000) -> 0.424386 | H88: =IF(AND(E88=290,F88=25),G88+0.026+0.001,IF(AND(E88=290,F88=33),G88+0.037+0.0013,IF(AND(E88=440,F88=33),G88+0.06+0.0018,IF(AND(E88=280,F88=25),G88+0.026+0.001,IF(AND(E88=280,F88=33),G88+0.037+0.0013))))) -> 0.462686 | I88: 305*50*50 | J88: 400 | K88: 12 | L88: =D88*60/J88 -> 9 | M88: =L88*K88 -> 108 | N88: =K88*60/M88/K88 -> 0.55555556 | O88: =60/L88 -> 6.6666667 | P88: =M88+2 -> 110 | Q88: Гофрокороб 228х160х310 Т-23 бур СПФ | R88: =G88*K88 -> 5.092632 | S88: =(H88*K88)+0.2 -> 5.752232 | T88: 72 | U88: 3 | V88: =T88/U88 -> 24 | W88: =X88-15 -> 414.1607 | X88: =IF(T88=0,0,S88*T88+15) -> 429.1607 | Y88: =T88*K88 -> 864
A89: Фольга бытовая С65-290х12 б/у | B89: Без упаковки | C89: 9 | D89: 65 | E89: 290 | F89: 33 | G89: =IF(C89=14,13*D89*E89*2.71/1000000,C89*D89*E89*2.71/1000000) -> 0.4597515 | H89: =IF(AND(E89=290,F89=25),G89+0.026+0.001,IF(AND(E89=290,F89=33),G89+0.037+0.0013,IF(AND(E89=440,F89=33),G89+0.06+0.0018,IF(AND(E89=280,F89=25),G89+0.026+0.001,IF(AND(E89=280,F89=33),G89+0.037+0.0013))))) -> 0.4980515 | I89: 305*50*50 | J89: 400 | K89: 12 | L89: =D89*60/J89 -> 9.75 | M89: =L89*K89 -> 117 | N89: =K89*60/M89/K89 -> 0.51282051 | O89: =60/L89 -> 6.1538462 | P89: =M89+2 -> 119 | Q89: Гофрокороб 228х160х310 Т-23 бур СПФ | R89: =G89*K89 -> 5.517018 | S89: =(H89*K89)+0.2 -> 6.176618 | T89: 72 | U89: 3 | V89: =T89/U89 -> 24 | W89: =X89-15 -> 444.7165 | X89: =IF(T89=0,0,S89*T89+15) -> 459.7165 | Y89: =T89*K89 -> 864
... A111: Фольга У9-290х35 Б/У | B111: Без упаковки | C111: 11 | D111: 9 | E111: 290 | F111: 25 | G111: =IF(C111=14,13*D111*E111*2.71/1000000,C111*D111*E111*2.71/1000000) -> 0.0778041 | H111: =IF(AND(E111=290,F111=25),G111+0.026+0.001,IF(AND(E111=290,F111=33),G111+0.037+0.0013,IF(AND(E111=440,F111=33),G111+0.06+0.0018,IF(AND(E111=280,F111=25),G111+0.026+0.001,IF(AND(E111=280,F111=33),G111+0.037+0.0013))))) -> 0.1048041 | I111: 305*32*32 | J111: 280 | K111: 35 | L111: =D111*60/J111 -> 1.9285714 | M111: =L111*K111 -> 67.5 | N111: =K111*60/M111/K111 -> 0.88888889 | O111: =60/L111 -> 31.111111 | P111: =M111+2 -> 69.5 | Q111: Гофрокороб 228х160х310 Т-23 бур СПФ | R111: =G111*K111 -> 2.7231435 | S111: =(H111*K111)+0.2 -> 3.8681435 | T111: 96 | U111: 4 | V111: =T111/U111 -> 24 | W111: =X111-15 -> 371.34178 | X111: =IF(T111=0,0,S111*T111+15) -> 386.34178 | Y111: =T111*K111 -> 3360
A112: Фольга бытовая У32-290х15 б/у | B112: Без упаковки | C112: 11 | D112: 32 | E112: 290 | F112: 33 | G112: =IF(C112=14,13*D112*E112*2.71/1000000,C112*D112*E112*2.71/1000000) -> 0.2766368 | H112: =IF(AND(E112=290,F112=25),G112+0.026+0.001,IF(AND(E112=290,F112=33),G112+0.037+0.0013,IF(AND(E112=440,F112=33),G112+0.06+0.0018,IF(AND(E112=280,F112=25),G112+0.026+0.001,IF(AND(E112=280,F112=33),G112+0.037+0.0013))))) -> 0.3149368 | I112: 305*45*45 | J112: 400 | K112: 15 | L112: =D112*60/J112 -> 4.8 | M112: =L112*K112 -> 72 | N112: =K112*60/M112/K112 -> 0.83333333 | O112: =60/L112 -> 12.5 | P112: =M112+2 -> 74 | Q112: Гофрокороб 228х160х310 Т-23 бур СПФ | R112: =G112*K112 -> 4.149552 | S112: =(H112*K112)+0.2 -> 4.924052 | T112: 72 | U112: 3 | V112: 24 | W112: =X112-15 -> 354.53174 | X112: =IF(T112=0,0,S112*T112+15) -> 369.53174 | Y112: =T112*K112 -> 1080
A113: Фольга О27-14-290 х24 б/у | B113: Без упаковки | C113: 14 | D113: 27 | E113: 290 | F113: 25 | G113: =IF(C113=14,13*D113*E113*2.71/1000000,C113*D113*E113*2.71/1000000) -> 0.2758509 | H113: =IF(AND(E113=290,F113=25),G113+0.026+0.001,IF(AND(E113=290,F113=33),G113+0.037+0.0013,IF(AND(E113=440,F113=33),G113+0.06+0.0018,IF(AND(E113=280,F113=25),G113+0.026+0.001,IF(AND(E113=280,F113=33),G113+0.037+0.0013))))) -> 0.3028509 | I113: 305*35*35 | J113: 400 | K113: 24 | L113: =D113*60/J113 -> 4.05 | M113: =L113*K113 -> 97.2 | N113: =K113*60/M113/K113 -> 0.61728395 | O113: =60/L113 -> 14.814815 | P113: =M113+2 -> 99.2 | Q113: Гофрокороб 228х160х310 Т-23 бур СПФ | R113: =G113*K113 -> 6.6204216 | S113: =(H113*K113)+0.2 -> 7.4684216 | T113: 72 | U113: 3 | V113: =T113/U113 -> 24 | W113: =X113-15 -> 537.72636 | X113: =IF(T113=0,0,S113*T113+15) -> 552.72636 | Y113: =T113*K113 -> 1728
A114: Фольга О50-20-300х10 | B114: Без упаковки | C114: 20 | D114: 50 | E114: 290 | F114: 33 | G114: =IF(C114=14,13*D114*E114*2.71/1000000,C114*D114*E114*2.71/1000000) -> 0.7859 | H114: =IF(AND(E114=290,F114=25),G114+0.026+0.001,IF(AND(E114=290,F114=33),G114+0.037+0.0013,IF(AND(E114=440,F114=33),G114+0.06+0.0018,IF(AND(E114=280,F114=25),G114+0.026+0.001,IF(AND(E114=280,F114=33),G114+0.037+0.0013))))) -> 0.8242 | I114: 305*47*47 | J114: 400 | K114: 10 | L114: =D114*60/J114 -> 7.5 | M114: =L114*K114 -> 75 | N114: =K114*60/M114/K114 -> 0.8 | O114: =60/L114 -> 8 | P114: =M114+2 -> 77 | Q114: Гофрокороб 228х160х310 Т-23 бур БПФ | R114: =G114*K114 -> 7.859 | S114: =(H114*K114)+0.2 -> 8.442 | T114: 72 | U114: 3 | V114: 24 | W114: =X114-15 -> 607.824 | X114: =IF(T114=0,0,S114*T114+15) -> 622.824 | Y114: =T114*K114 -> 720
A115: Фольга бытовая О50-290х15 б/у | B115: Без упаковки | C115: 14 | D115: 50 | E115: 290 | F115: 33 | G115: =IF(C115=14,13*D115*E115*2.71/1000000,C115*D115*E115*2.71/1000000) -> 0.510835 | H115: =IF(AND(E115=290,F115=25),G115+0.026+0.001,IF(AND(E115=290,F115=33),G115+0.037+0.0013,IF(AND(E115=440,F115=33),G115+0.06+0.0018,IF(AND(E115=280,F115=25),G115+0.026+0.001,IF(AND(E115=280,F115=33),G115+0.037+0.0013))))) -> 0.549135 | I115: 305*47*47 | J115: 400 | K115: 15 | L115: =D115*60/J115 -> 7.5 | M115: =L115*K115 -> 112.5 | N115: =K115*60/M115/K115 -> 0.53333333 | O115: =60/L115 -> 8 | P115: =M115+2 -> 114.5 | Q115: Гофрокороб 228х160х310 Т-23 бур СПФ | R115: =G115*K115 -> 7.662525 | S115: =(H115*K115)+0.2 -> 8.437025 | T115: 72 | U115: 3 | V115: =T115/U115 -> 24 | W115: =X115-15 -> 607.4658 | X115: =IF(T115=0,0,S115*T115+15) -> 622.4658 | Y115: =T115*K115 -> 1080
A116: Фольга бытовая О25-290х24 б/у | B116: Без упаковки | C116: 14 | D116: 25 | E116: 290 | F116: 25 | G116: =IF(C116=14,13*D116*E116*2.71/1000000,C116*D116*E116*2.71/1000000) -> 0.2554175 | H116: =IF(AND(E116=290,F116=25),G116+0.026+0.001,IF(AND(E116=290,F116=33),G116+0.037+0.0013,IF(AND(E116=440,F116=33),G116+0.06+0.0018,IF(AND(E116=280,F116=25),G116+0.026+0.001,IF(AND(E116=280,F116=33),G116+0.037+0.0013))))) -> 0.2824175 | I116: 305*35*35 | J116: 400 | K116: 24 | L116: =D116*60/J116 -> 3.75 | M116: =L116*K116 -> 90 | N116: =K116*60/M116/K116 -> 0.66666667 | O116: =60/L116 -> 16 | P116: =M116+2 -> 92 | Q116: Гофрокороб 228х160х310 Т-23 бур СПФ | R116: =G116*K116 -> 6.13002 | S116: =(H116*K116)+0.2 -> 6.97802 | T116: 72 | U116: 3 | V116: =T116/U116 -> 24 | W116: =X116-15 -> 502.41744 | X116: =IF(T116=0,0,S116*T116+15) -> 517.41744 | Y116: =T116*K116 -> 1728
A117: Фольга О47-290х15 Б/У | B117: Без упаковки | C117: 14 | D117: 47 | E117: 290 | F117: 33 | G117: =IF(C117=14,13*D117*E117*2.71/1000000,C117*D117*E117*2.71/1000000) -> 0.4801849 | H117: =IF(AND(E117=290,F117=25),G117+0.026+0.001,IF(AND(E117=290,F117=33),G117+0.037+0.0013,IF(AND(E117=440,F117=33),G117+0.06+0.0018,IF(AND(E117=280,F117=25),G117+0.026+0.001,IF(AND(E117=280,F117=33),G117+0.037+0.0013))))) -> 0.5184849 | I117: 305*47*47 | J117: 400 | K117: 15 | L117: =D117*60/J117 -> 7.05 | M117: =L117*K117 -> 105.75 | N117: =K117*60/M117/K117 -> 0.56737589 | O117: =60/L117 -> 8.5106383 | P117: =M117+2 -> 107.75 | Q117: Гофрокороб 228х160х310 Т-23 бур СПФ | R117: =G117*K117 -> 7.2027735 | S117: =(H117*K117)+0.2 -> 7.9772735 | T117: 72 | U117: 3 | V117: =T117/U117 -> 24 | W117: =X117-15 -> 574.36369 | X117: =IF(T117=0,0,S117*T117+15) -> 589.36369 | Y117: =T117*K117 -> 1080
A118: Фольга О80х290х12 Б/У | B118: Без упаковки | C118: 14 | D118: 80 | E118: 290 | F118: 33 | G118: =IF(C118=14,13*D118*E118*2.71/1000000,C118*D118*E118*2.71/1000000) -> 0.817336 | H118: =IF(AND(E118=290,F118=25),G118+0.026+0.001,IF(AND(E118=290,F118=33),G118+0.037+0.0013,IF(AND(E118=440,F118=33),G118+0.06+0.0018,IF(AND(E118=280,F118=25),G118+0.026+0.001,IF(AND(E118=280,F118=33),G118+0.037+0.0013))))) -> 0.855636 | I118: 305*50*50 | J118: 400 | K118: 12 | L118: =D118*60/J118 -> 12 | M118: =L118*K118 -> 144 | N118: =K118*60/M118/K118 -> 0.41666667 | O118: =60/L118 -> 5 | P118: =M118+2 -> 146 | Q118: Гофрокороб 228х160х310 Т-23 бур БПФ | R118: =G118*K118 -> 9.808032 | S118: =(H118*K118)+0.2 -> 10.467632 | T118: 72 | U118: 3 | V118: =T118/U118 -> 24 | W118: =X118-15 -> 753.6695 | X118: =IF(T118=0,0,S118*T118+15) -> 768.6695 | Y118: =T118*K118 -> 864
A119: Фольга О95-290х12 Б/У | B119: Без упаковки | C119: 14 | D119: 95 | E119: 290 | F119: 33 | G119: =IF(C119=14,13*D119*E119*2.71/1000000,C119*D119*E119*2.71/1000000) -> 0.9705865 | H119: =IF(AND(E119=290,F119=25),G119+0.026+0.001,IF(AND(E119=290,F119=33),G119+0.037+0.0013,IF(AND(E119=440,F119=33),G119+0.06+0.0018,IF(AND(E119=280,F119=25),G119+0.026+0.001,IF(AND(E119=280,F119=33),G119+0.037+0.0013))))) -> 1.0088865 | I119: 305*55*55 | J119: 400 | K119: 12 | L119: =D119*60/J119 -> 14.25 | M119: =L119*K119 -> 171 | N119: =K119*60/M119/K119 -> 0.35087719 | O119: =60/L119 -> 4.2105263 | P119: =M119+2 -> 173 | Q119: Гофрокороб 228х160х310 Т-23 бур СПФ | R119: =G119*K119 -> 11.647038 | S119: =(H119*K119)+0.2 -> 12.306638 | T119: 72 | U119: 3 | V119: =T119/U119 -> 24 | W119: =X119-15 -> 886.07794 | X119: =IF(T119=0,0,S119*T119+15) -> 901.07794 | Y119: =T119*K119 -> 864
A120: Фольга Саянская Professional У100П-290 х12 | B120: В пленке | C120: 11 | D120: 100 | E120: 290 | F120: 33 | G120: =IF(C120=14,13*D120*E120*2.71/1000000,C120*D120*E120*2.71/1000000) -> 0.86449 | H120: =IF(AND(E120=290,F120=25),G120+0.026+0.001,IF(AND(E120=290,F120=33),G120+0.037+0.0013,IF(AND(E120=440,F120=33),G120+0.06+0.0018,IF(AND(E120=280,F120=25),G120+0.026+0.001,IF(AND(E120=280,F120=33),G120+0.037+0.0013))))) -> 0.90279 | I120: 305*55*55 | J120: 400 | K120: 12 | L120: =D120*60/J120 -> 15 | M120: =L120*K120 -> 180 | N120: =K120*60/M120/K120 -> 0.33333333 | O120: =60/L120 -> 4 | P120: =M120+2 -> 182 | Q120: Гофрокороб 228х160х310 Т-23 бел с черн,Саянская СПФ | R120: =G120*K120 -> 10.37388 | S120: =(H120*K120)+0.2 -> 11.03348 | T120: 72 | U120: 3 | V120: =T120/U120 -> 24 | W120: =X120-15 -> 794.41056 | X120: =IF(T120=0,0,S120*T120+15) -> 809.41056 | Y120: =T120*K120 -> 864
A121: Фольга Саянская Professional У80П-290 х12 | B121: В пленке | C121: 11 | D121: 80 | E121: 290 | F121: 33 | G121: =IF(C121=14,13*D121*E121*2.71/1000000,C121*D121*E121*2.71/1000000) -> 0.691592 | H121: =IF(AND(E121=290,F121=25),G121+0.026+0.001,IF(AND(E121=290,F121=33),G121+0.037+0.0013,IF(AND(E121=440,F121=33),G121+0.06+0.0018,IF(AND(E121=280,F121=25),G121+0.026+0.001,IF(AND(E121=280,F121=33),G121+0.037+0.0013))))) -> 0.729892 | I121: 305*50*50 | J121: 400 | K121: 12 | L121: =D121*60/J121 -> 12 | M121: =L121*K121 -> 144 | N121: =K121*60/M121/K121 -> 0.41666667 | O121: =60/L121 -> 5 | P121: =M121+2 -> 146 | Q121: Гофрокороб 228х160х310 Т-23 бел с черн,Саянская СПФ | R121: =G121*K121 -> 8.299104 | S121: =(H121*K121)+0.2 -> 8.958704 | T121: 72 | U121: 3 | V121: =T121/U121 -> 24 | W121: =X121-15 -> 645.02669 | X121: =IF(T121=0,0,S121*T121+15) -> 660.02669 | Y121: =T121*K121 -> 864
A122: Фольга Саянская Professional О50П-290х15 | B122: В пленке | C122: 14 | D122: 50 | E122: 290 | F122: 33 | G122: =IF(C122=14,13*D122*E122*2.71/1000000,C122*D122*E122*2.71/1000000) -> 0.510835 | H122: =IF(AND(E122=290,F122=25),G122+0.026+0.001,IF(AND(E122=290,F122=33),G122+0.037+0.0013,IF(AND(E122=440,F122=33),G122+0.06+0.0018,IF(AND(E122=280,F122=25),G122+0.026+0.001,IF(AND(E122=280,F122=33),G122+0.037+0.0013))))) -> 0.549135 | I122: 305*47*47 | J122: 400 | K122: 15 | L122: =D122*60/J122 -> 7.5 | M122: =L122*K122 -> 112.5 | N122: =K122*60/M122/K122 -> 0.53333333 | O122: =60/L122 -> 8 | P122: =M122+2 -> 114.5 | Q122: Гофрокороб 228х160х310 Т-23 бел с черн,Саянская СПФ | R122: =G122*K122 -> 7.662525 | S122: =(H122*K122)+0.2 -> 8.437025 | T122: 72 | U122: 3 | V122: =T122/U122 -> 24 | W122: =X122-15 -> 607.4658 | X122: =IF(T122=0,0,S122*T122+15) -> 622.4658 | Y122: =T122*K122 -> 1080
A123: Фольга бытовая Гриль 35П-290х12 упак б/печ | B123: В пленке | C123: 20 | D123: 35 | E123: 290 | F123: 33 | G123: =IF(C123=14,13*D123*E123*2.71/1000000,C123*D123*E123*2.71/1000000) -> 0.55013 | H123: =IF(AND(E123=290,F123=25),G123+0.026+0.001,IF(AND(E123=290,F123=33),G123+0.037+0.0013,IF(AND(E123=440,F123=33),G123+0.06+0.0018,IF(AND(E123=280,F123=25),G123+0.026+0.001,IF(AND(E123=280,F123=33),G123+0.037+0.0013))))) -> 0.58843 | I123: 305*47*47 | J123: 400 | K123: 12 | L123: =D123*60/J123 -> 5.25 | M123: =L123*K123 -> 63 | N123: =K123*60/M123/K123 -> 0.95238095 | O123: =60/L123 -> 11.428571 | P123: =M123+2 -> 65 | Q123: Гофрокороб 228х160х310 Т-23 бур БПФ | R123: =G123*K123 -> 6.60156 | S123: =(H123*K123)+0.2 -> 7.26116 | T123: 72 | U123: 3 | V123: =T123/U123 -> 24 | W123: =X123-15 -> 522.80352 | X123: =IF(T123=0,0,S123*T123+15) -> 537.80352 | Y123: =T123*K123 -> 864
A124: Фольга Саянская Professional Гриль 50П-290х 12 | B124: В пленке | C124: 20 | D124: 50 | E124: 290 | F124: 33 | G124: =IF(C124=14,13*D124*E124*2.71/1000000,C124*D124*E124*2.71/1000000) -> 0.7859 | H124: =IF(AND(E124=290,F124=25),G124+0.026+0.001,IF(AND(E124=290,F124=33),G124+0.037+0.0013,IF(AND(E124=440,F124=33),G124+0.06+0.0018,IF(AND(E124=280,F124=25),G124+0.026+0.001,IF(AND(E124=280,F124=33),G124+0.037+0.0013))))) -> 0.8242 | I124: 305*47*47 | J124: 400 | K124: 12 | L124: =D124*60/J124 -> 7.5 | M124: =L124*K124 -> 90 | N124: =K124*60/M124/K124 -> 0.66666667 | O124: =60/L124 -> 8 | P124: =M124+2 -> 92 | Q124: Гофрокороб 228х160х310 Т-23 бел с черн,Саянская СПФ | R124: =G124*K124 -> 9.4308 | S124: =(H124*K124)+0.2 -> 10.0904 | T124: 72 | U124: 3 | V124: =T124/U124 -> 24 | W124: =X124-15 -> 726.5088 | X124: =IF(T124=0,0,S124*T124+15) -> 741.5088 | Y124: =T124*K124 -> 864
...

Sheet Схема укладки на паллет
C1: СХЕМА УКЛАДКИ НА ПАЛЛЕТ
A3: № п/п | B3: Размер коробки (Д*Ш*В), мм | C3: Количество рядов | D3: количество коробок | F3: Высота транспортной упаковки (паллет 1200*800), мм | G3: V (объем),м3 | I3: Вид сборки на поддоне (по слоям) | L3: Укладка на паллет | M3: Укладка в коробку рулонов
D4: шт, в одном слое | E4: шт/паллет | G4: коробки | H4: транспортной упаковки (паллет)
A5: 1 | B5: 314*174*104 Т23 бур БПФ Т23 бел СПФ Т23 бел Саянская СПФ | C5: 4 5 | D5: 44 44 | E5: 176 220 | F5: 1430 1750 | G5: =0.314*0.174*0.104 -> 0.005682144 | H5: 1,373 1,680 | L5: вертикальная | M5: Горизонт
A6: 2 | B6: 195х165х310 Т23 бур БПФ | C6: 5 4 3 | D6: 26 26 26 | E6: 130 104 78 | F6: 1725 1410 1095 | G6: 0.01 | H6: 1,656 1,3536 1,0512 | L6: горизонт | M6: вертикально
A7: 3 | B7: 210х210х310 Т23 бел СПФ Т23 бур БПФ Т23 черн Paclan СПФ | C7: 5 | D7: 15 | E7: =C7*D7 -> 75 | F7: =315*5+150 -> 1725 | G7: =0.21*0.21*0.31 -> 0.013671 | H7: =0.8*1.2*1.725 -> 1.656 | L7: горизонт | M7: вертикально
A8: 4 | B8: 324*222*134 Т23 бел СПФ Т23 бел Прав решение Т23 бел Саянская СПФ | C8: 3 4 5 | D8: 26 26 26 | E8: 78 104 130 | F8: 1140 1470 1795 | G8: =0.324*0.222*0.134 -> 0.009638352 | H8: 1,094 1,411 1,723 | L8: вертикальная | M8: Горизонт
A9: 5 | B9: 310х230х210 Т-23 бел,Kitchen secrets,СПФ | C9: 7 | D9: 12 | E9: 84 | F9: 1655 | G9: =0.31*0.23*0.21 -> 0.014973 | H9: =0.8*1.2*1.655 -> 1.5888 | L9: горизонт | M9: Горизонт
A10: 6 | B10: 228х160х310 Т-23 бел с красн,Саянская,СПФ Т-23 бел с черн,Саянская СПФ Т-23 бур БПФ Т-23 син Мадам Повари 310х160х228 Т-23 бел,Либерхаус,СПФ Т-23 бел,СПФ Т-23 бел,Эконта,СПФ Т-23 бур,СПФ | C10: 3 4 5 | D10: 24 24 24 | E10: 72 96 120 | F10: 1100 1410 1725 | G10: =0.228*0.16*0.31 -> 0.0113088 | H10: 1,056 1,354 1,656 | L10: горизонт вертикальная | M10: Вертикльно Горизонт
A11: 7 | B11: 259х193х320 Т23 бур БПФ/Т23 бел БПФ Т23 бел СПФ Т23 черн Paclan СПФ Т23 бел Саянская Т23 черн SAYANA Т23 бел Саяночка СПФ Т23 бел Ашан СПФ Т23 зел Мастер Блеск СПФ Т23 Lomberta СПФ 320х259х193 Т23 Lomberta СПФ | C11: 3 4 5 | D11: 18 18 18 | E11: 54 72 90 | F11: 1125 1450 1775 | G11: =0.259*0.193*0.32 -> 0.01599584 | H11: 1,080 1,392 1,704 | L11: горизонтальная | M11: Вертикально Горизонт
A12: 8 | B12: 250*250*310 Т23 черн Paclan СПФ Т 23 бел Саянская СПФ | C12: 5 | D12: 12 | E12: 60 | F12: 1725 | G12: =0.25*0.25*0.31 -> 0.019375 | H12: =0.8*1.2*1.725 -> 1.656 | L12: горизонтальная | M12: Вертикально Горизонт
A13: 9 | B13: 320х290х190 Т23 бур СПФ Т23 бел Саяночка СПФ Т23 бел Саянская СПФ Т23 бел Каждый день (Ашан) СПФ | C13: 4 5 | D13: 16 16 | E13: 64 80 | F13: 1450 1775 | G13: =0.32*0.29*0.19 -> 0.017632 | H13: 1,392 1,704 | L13: вертикальная | M13: Вертикально
A14: 10 | B14: 395*310*160 Т23 син Данке | C14: 4 | D14: 13 | E14: 52 | F14: 1410 | G14: =0.395*0.31*0.16 -> 0.019592 | H14: =0.8*1.2*1.41 -> 1.3536 | L14: горизонт | M14: Горизонт
A15: 11 | B15: 470×222×120 Т24 бур БПФ Т24 бел Саянская СПФ Т24 бел Магнит | C15: 4 6 10 | D15: 7 7 7 | E15: 28 42 70 | F15: 650 900 1400 | G15: =0.47*0.222*0.12 -> 0.0125208 | H15: 0,624 0,864 1,344 | L15: горизонт | M15: Горизонт
A16: 12 | B16: 320х135х165 Т23 бур БПФ Т23 бел Моя цена СПФ Т23 бел Магнит СПФ | C16: 3 4 | D16: 36 36 | E16: 108 144 | F16: 1125 1450 | G16: =0.32*0.135*0.165 -> 0.007128 | H16: 1,080 1,392 | L16: горизонт | M16: Горизонт
A17: 13 | B17: 470х190х210 Т23 бур БПФ | C17: 3 7 | D17: 7 7 | E17: 21 49 | F17: 795 1655 | G17: =0.47*0.19*0.21 -> 0.018753 | H17: 0,763 1,589 | L17: горизонт | M17: Горизонт
I47: Гофрокороб 160х160х320 Т-23 бур,БПФ
I48: Гофрокороб 195х165х310 Т-23 бур,БПФ
I49: Гофрокороб 200х180х155 Т-23 бел,Правильное решение,СПФ
I50: Гофрокороб 210х210х310 Т-23 бел,СПФ
I51: Гофрокороб 210х210х310 Т-23 бур,БПФ
I52: Гофрокороб 210х210х310 Т-23 черн,Paclan,СПФ
I53: Гофрокороб 222х160х310 Т-23 бел,БПФ
I54: Гофрокороб 222х160х310 Т-23 бур БПФ
I55: Гофрокороб 228*160*310 Т 23 бур СПФ
I56: Гофрокороб 228х160х310 Т-23 бел с красн,Саянская,СПФ
I57: Гофрокороб 228х160х310 Т-23 бел с черн,Саянская СПФ
I58: Гофрокороб 228х160х310 Т-23 бур БПФ
... I112: Гофрокороб 596х380х260 Т-23 бур,БПФ
